episode,reward,loss
1,1734.2027777777787,0.2487872987985611
2,-429.7647222222187,0.3016785681247711
3,-39.624999999999076,0.40735894441604614
4,322.4802777777782,0.5086238384246826
5,820.67861111111,0.5863434076309204
6,304.84027777777817,0.6269993782043457
7,521.846666666667,0.6233775019645691
8,496.52166666666665,0.6104686856269836
9,348.52055555555535,0.6048594117164612
10,244.58472222222238,0.5706455111503601
11,241.8602777777779,0.5126645565032959
12,245.21805555555562,0.5083369016647339
13,254.55749999999998,0.526004433631897
14,256.95111111111123,0.5470660924911499
15,245.0197222222225,0.46751028299331665
16,228.52999999999994,0.40475839376449585
17,262.8466666666666,0.44463911652565
18,262.9108333333335,0.38189101219177246
19,266.2947222222217,0.42751243710517883
20,203.00527777777788,0.3292461633682251
21,255.8655555555556,0.3750019371509552
22,218.02861111111113,0.42069199681282043
23,364.9477777777785,0.32035648822784424
24,227.80916666666673,0.3471817970275879
25,282.4188888888892,0.3435870110988617
26,338.7399999999991,0.3888210654258728
27,215.44638888888892,0.3548794686794281
28,440.8469444444445,0.42609018087387085
29,214.2058333333332,0.361357718706131
30,271.881111111111,0.3844413161277771
31,299.7102777777775,0.5138875842094421
32,283.29694444444465,0.2673717737197876
33,249.41416666666666,0.21083316206932068
34,342.02666666666664,0.25190287828445435
35,332.3261111111115,0.21395757794380188
36,234.3599999999999,0.09048668295145035
37,314.43583333333305,0.22792217135429382
38,347.31416666666667,0.47873929142951965
39,326.7305555555556,0.13073685765266418
40,235.99499999999995,0.03635890409350395
41,254.9041666666668,0.19242173433303833
42,304.0141666666666,0.0046422164887189865
43,321.3019444444441,0.1798095554113388
44,385.4311111111116,0.588884711265564
45,343.4905555555557,0.0786939188838005
46,346.8852777777783,0.30728352069854736
47,303.20722222222247,-0.21067945659160614
48,218.99027777777786,-0.39802807569503784
49,243.6522222222223,0.07681512087583542
50,265.4625,0.0985286682844162
51,237.59388888888893,-0.1077977642416954
52,272.97805555555567,-0.14912837743759155
53,292.0005555555554,-0.028542179614305496
54,210.17805555555572,-0.0021782899275422096
55,184.7994444444445,0.322994589805603
56,301.95694444444445,0.33471930027008057
57,183.36861111111116,0.06151451915502548
58,237.22777777777787,0.046442773193120956
59,287.04000000000013,-0.19324332475662231
60,230.8977777777778,-0.009790739044547081
61,200.7583333333335,-0.10237311571836472
62,303.749722222222,-0.5030494928359985
63,265.71000000000026,-0.42825645208358765
64,227.70333333333352,-0.26387667655944824
65,309.95083333333304,-0.18797579407691956
66,369.4461111111106,0.22865353524684906
67,188.4102777777777,0.3791622519493103
68,213.96777777777794,0.4887186884880066
69,412.24999999999955,0.5617573261260986
70,301.03833333333347,0.38340410590171814
71,265.3988888888891,0.5446058511734009
72,239.16277777777796,-0.028397519141435623
73,197.73166666666683,0.029671836644411087
74,402.35722222222165,-0.2438192069530487
75,436.5933333333329,-0.09975019097328186
76,403.64861111110986,-0.3588593900203705
77,294.8847222222221,-0.4758353531360626
78,234.42361111111134,-0.4057348370552063
79,222.85222222222222,-0.1761922687292099
80,338.3941666666661,0.02265230379998684
81,425.5652777777774,-0.17946961522102356
82,466.4355555555552,0.5994992256164551
83,478.37916666666564,0.6099833250045776
84,401.57361111111084,0.14235204458236694
85,954.821666666667,0.10083040595054626
86,356.9991666666667,0.2302292287349701
87,566.1819444444429,0.6399919986724854
88,319.212222222222,-0.020356465131044388
89,1115.1594444444447,-0.40921923518180847
90,957.3955555555575,-0.49374428391456604
91,936.169722222222,-0.36952707171440125
92,576.791388888888,-0.004737074486911297
93,679.3355555555539,-0.43843939900398254
94,865.531944444444,-0.21233509480953217
95,1004.2180555555549,-0.3249092400074005
96,876.9527777777781,-0.4065958857536316
97,1118.3663888888873,-0.2465011328458786
98,684.2130555555557,0.2095068097114563
99,1020.8308333333346,-0.0846383273601532
100,904.435000000003,0.06513279676437378
101,994.0486111111123,0.3119131326675415
102,868.5444444444445,0.9297483563423157
103,908.8608333333336,0.3691142797470093
104,1112.549999999999,0.966251015663147
105,519.3169444444426,0.3993670344352722
106,554.3427777777762,0.5017091631889343
107,937.5497222222245,1.01393723487854
108,369.5888888888882,1.6924203634262085
109,805.4877777777783,0.7039406895637512
110,676.2055555555545,1.258449912071228
111,1175.20861111111,2.115565061569214
112,737.012777777777,1.0974411964416504
113,509.3994444444425,1.9980266094207764
114,996.4822222222242,0.5584283471107483
115,552.3891666666646,0.7014093399047852
116,1172.6358333333305,1.263267993927002
117,307.65277777777806,-0.1397012323141098
118,352.97583333333245,-0.24261043965816498
119,642.5183333333314,0.20277687907218933
120,1579.5022222222156,0.66624516248703
121,1320.0263888888865,0.4116669297218323
122,1105.499999999999,-0.21176345646381378
123,708.933611111111,-0.5727201104164124
124,369.52555555555483,-0.5598117709159851
125,1222.7161111111086,0.2563802897930145
126,443.7358333333321,-0.4486056864261627
127,816.9669444444454,-0.40598925948143005
128,1013.7622222222228,-0.11498494446277618
129,605.7274999999988,-0.3939022719860077
130,383.2208333333328,-0.4954479932785034
131,979.6036111111137,-0.2037462592124939
132,1134.9991666666656,0.10373862832784653
133,1037.4791666666679,0.122747503221035
134,596.3072222222203,-0.10478074848651886
135,606.7636111111096,-0.18662512302398682
136,1006.0527777777803,0.3143916726112366
137,1028.477222222224,0.746732771396637
138,1067.909166666668,0.4209041893482208
139,858.2066666666669,0.2957286238670349
140,552.0697222222208,0.2477383017539978
141,1116.0805555555544,0.47999292612075806
142,1109.074166666667,1.0210551023483276
143,296.4555555555554,-0.11248863488435745
144,1019.616111111114,0.12655171751976013
145,1108.2255555555555,0.19852179288864136
146,1112.6152777777754,0.29268836975097656
147,1096.3725000000009,-0.03096783719956875
148,1249.506111111108,0.008062143810093403
149,815.7891666666663,-0.2720698416233063
150,1140.7841666666661,-0.0353093296289444
151,1142.5569444444425,-0.13540491461753845
152,1195.4891666666636,-0.050267159938812256
153,652.6516666666658,-0.3274862766265869
154,935.366944444447,-0.22908443212509155
155,486.990555555553,-0.1462373286485672
156,1097.8563888888898,0.3025802969932556
157,1081.8991666666684,-0.004364249296486378
158,547.1141666666648,-0.08602389693260193
159,1038.1461111111118,0.30074578523635864
160,1166.3969444444415,0.4824652671813965
161,822.9855555555558,0.9635986089706421
162,1176.5388888888856,0.8636095523834229
163,1113.507499999999,0.4812735915184021
164,1166.7347222222195,0.44373032450675964
165,700.614444444444,-0.256860613822937
166,1096.5949999999993,0.09993108361959457
167,868.3425000000013,-0.14624086022377014
168,1229.8824999999968,0.5008659362792969
169,1113.2055555555544,-0.056274399161338806
170,808.8963888888894,-0.33254873752593994
171,632.4913888888873,-0.3493833541870117
172,1122.1433333333332,-0.016347646713256836
173,1034.7475000000006,-0.05827923119068146
174,1588.3588888888776,0.8449586629867554
175,1061.5469444444457,-0.0072293635457754135
176,936.8772222222233,-0.11681241542100906
177,1166.555555555552,0.34476438164711
178,1339.028333333327,0.613535463809967
179,1248.046388888885,0.5163915753364563
180,1158.8869444444438,0.3157908320426941
181,1270.9949999999963,0.6095467209815979
182,1219.6236111111102,0.44494009017944336
183,1640.1661111110986,0.9300750494003296
184,887.1138888888892,-0.13893119990825653
185,646.4572222222213,-0.37236809730529785
186,603.8611111111107,-0.15240271389484406
187,1322.3763888888818,0.13247272372245789
188,644.4569444444428,-0.5030324459075928
189,943.5722222222225,-0.31381896138191223
190,1159.580555555553,0.041557155549526215
191,1001.7941666666702,-0.17068718373775482
192,1146.0458333333313,0.045838408172130585
193,1211.318611111112,0.03554833307862282
194,408.3588888888878,-0.24856218695640564
195,1014.7500000000014,0.08738833665847778
196,511.48583333333136,-0.10698101669549942
197,1149.4800000000002,0.42730873823165894
198,1225.2286111111098,0.6509817838668823
199,446.32249999999823,0.02140180394053459
200,1118.8147222222192,0.6010685563087463
201,1624.8947222222123,1.9528765678405762
202,1481.7205555555456,1.4362837076187134
203,1539.5247222222145,1.7580243349075317
204,1616.6738888888763,1.5760778188705444
205,1268.0013888888843,0.6710745096206665
206,766.6422222222226,0.038393422961235046
207,1553.0961111111017,0.9741361737251282
208,825.5374999999997,0.044832564890384674
209,1568.557777777772,0.7061588168144226
210,1569.5658333333276,0.5379200577735901
211,1527.4988888888806,0.29266130924224854
212,768.0894444444443,-0.346294105052948
213,1496.9322222222147,0.08587411791086197
214,1543.862222222214,0.04130314290523529
215,1562.5622222222114,-0.055642593652009964
216,1531.6191666666607,-0.007133042439818382
217,729.2961111111102,-0.5018600225448608
218,1536.7758333333263,-0.10096859186887741
219,1529.1838888888817,-0.11431252956390381
220,1554.1024999999904,-0.06242113560438156
221,1601.80888888888,0.18055245280265808
222,1532.4769444444373,0.03367341682314873
223,1613.1016666666562,0.051635466516017914
224,1517.202222222218,-0.021074406802654266
225,1513.1702777777718,0.07183344662189484
226,1274.329166666662,-0.06621728837490082
227,1556.5816666666608,0.172496035695076
228,1571.8513888888824,0.21165308356285095
229,1339.4741666666614,-0.022154586389660835
230,1622.555277777771,0.3887815773487091
231,1606.7183333333269,0.20170995593070984
232,1093.9105555555543,-0.15521587431430817
233,1577.1199999999938,0.18403440713882446
234,1537.2877777777692,0.08107651770114899
235,1622.9980555555458,0.1807844191789627
236,1542.524722222215,-0.03305508941411972
237,1556.963888888883,-0.08324131369590759
238,1560.0686111111058,-0.07280618697404861
239,1540.7558333333263,-0.04107657074928284
240,1595.9830555555502,0.031240664422512054
241,1558.331388888883,-0.06994412839412689
242,1532.0249999999915,-0.0635029524564743
243,1503.5019444444392,-0.13748010993003845
244,1613.1474999999982,0.1967306286096573
245,1520.5299999999968,0.01940331608057022
246,1229.7213888888855,-0.02538185752928257
247,1551.5005555555517,0.44668489694595337
248,1237.328055555553,-0.05294666439294815
249,1620.9555555555503,0.33922961354255676
250,1704.0619444444387,0.49597564339637756
251,1615.8811111111067,0.1279333084821701
252,1543.7947222222176,0.11062775552272797
253,1615.011388888881,0.14826872944831848
254,809.2152777777776,-0.17866159975528717
255,1636.2477777777756,-0.052826762199401855
256,1624.124444444442,0.04831411689519882
257,1594.4944444444416,0.08077362179756165
258,1589.1255555555508,-0.08846451342105865
259,1594.0263888888899,-0.1349005103111267
260,1645.2849999999974,0.015937626361846924
261,1625.1213888888835,-0.09423302859067917
262,1710.043611111106,0.057152070105075836
263,1658.6613888888864,-0.038460858166217804
264,1665.9899999999966,0.12685728073120117
265,1648.1774999999943,-0.11026578396558762
266,1640.5155555555548,-0.08958584070205688
267,1585.3705555555493,-0.14435862004756927
268,1564.5936111111068,-0.07412221282720566
269,1636.8841666666626,0.05613398924469948
270,1613.6133333333269,0.0007764212787151337
271,1619.6749999999936,0.049841150641441345
272,1692.3816666666578,0.08989022672176361
273,1569.9297222222185,0.020851165056228638
274,1617.7241666666628,0.08826017379760742
275,1655.0030555555486,0.6238970160484314
276,1549.250277777772,0.16220249235630035
277,1647.0822222222205,0.6347075700759888
278,1599.3955555555533,0.2451833039522171
279,1554.7977777777744,0.06361013650894165
280,1622.4344444444384,0.0348026268184185
281,1570.5688888888828,-0.07132766395807266
282,1592.0291666666628,-0.01327509619295597
283,1608.7430555555525,-0.1370936632156372
284,1606.378333333331,-0.11627867072820663
285,1572.4858333333268,-0.15835505723953247
286,1543.21194444444,-0.1259080320596695
287,1656.2449999999928,0.21301227807998657
288,1714.9205555555532,0.34280163049697876
289,1611.91944444444,0.03490086644887924
290,1588.3886111111046,-0.014380604028701782
291,1601.1202777777683,-0.024647671729326248
292,1590.2197222222162,-0.03282193839550018
293,1610.2136111111065,-0.054885294288396835
294,1549.2444444444372,-0.10101113468408585
295,1646.7811111111052,0.11207621544599533
296,1663.556944444441,0.2383478730916977
297,1571.0269444444393,0.054634273052215576
298,1557.3544444444365,-0.044465646147727966
299,1612.340833333326,0.09112713485956192
300,1612.4083333333301,0.01436791941523552
301,1663.9597222222185,0.1961020827293396
302,1604.42166666666,-0.06683295965194702
303,1626.2805555555476,-0.07302970439195633
304,1673.993611111106,0.14173546433448792
305,1545.3030555555508,-0.1745361089706421
306,1517.9436111111065,-0.17577649652957916
307,1562.8597222222156,-0.15875449776649475
308,1637.3858333333326,0.06451143324375153
309,1614.2677777777717,-0.04710227623581886
310,1600.9444444444393,0.006910162046551704
311,1597.179166666661,-0.06748158484697342
312,1576.8447222222194,0.018896663561463356
313,1620.051944444442,0.10586487501859665
314,1632.0541666666575,0.040917735546827316
315,1605.9244444444398,0.005893202498555183
316,1548.610277777774,-0.12102819979190826
317,1685.565555555551,0.4009917378425598
318,1643.4877777777726,0.17564710974693298
319,1727.0611111111068,0.6372559070587158
320,1658.0619444444394,0.23871244490146637
321,1732.4036111111031,0.33065277338027954
322,1821.6249999999927,0.492443710565567
323,1676.818333333329,-0.02725706435739994
324,1577.0486111111065,-0.24190104007720947
325,1643.112499999995,-0.14680714905261993
326,3358.64333333339,0.9758261442184448
327,1663.20194444444,-0.20050615072250366
328,1652.18166666666,-0.14627476036548615
329,3158.5755555555943,0.6774109601974487
330,1613.173055555551,-0.11648958921432495
331,1165.2161111111093,-0.3149077594280243
332,1717.6033333333298,0.12125930935144424
333,1159.4486111111112,-0.19987286627292633
334,1138.1674999999977,-0.1793779730796814
335,1147.7877777777758,-0.09160523861646652
336,2008.22277777777,0.8144398331642151
337,2001.5830555555497,0.6088962554931641
338,2204.7888888888906,1.0718692541122437
339,2066.6130555555496,0.8902313709259033
340,1625.0716666666613,0.2093624472618103
341,2118.9683333333314,0.9283573627471924
342,3452.810277777822,1.1556614637374878
343,2831.46138888891,0.7866467237472534
344,3008.3722222222486,0.9532151222229004
345,3360.1491666667002,0.6686563491821289
346,1627.137499999997,-0.06379954516887665
347,3463.2883333333675,0.5272225737571716
348,3364.865277777822,0.4889686703681946
349,1696.1024999999966,-0.15176871418952942
350,3373.4100000000353,0.3205748498439789
351,1824.161944444441,-0.04754640907049179
352,3345.681111111137,0.2183043211698532
353,4532.750000000075,0.3774760663509369
354,3632.8936111111425,0.21199452877044678
355,3426.2238888889237,0.21776850521564484
356,1775.1227777777738,-0.0384804867208004
357,2610.993055555552,0.09816999733448029
358,4231.831944444497,0.6254608035087585
359,4589.009722222302,0.618723452091217
360,3372.408055555588,0.4710533320903778
361,3375.7372222222493,0.49312981963157654
362,2985.1838888889138,0.24527275562286377
363,3264.7588888889263,0.39523598551750183
364,3259.5936111111446,0.36489760875701904
365,4602.5416666667525,0.520897388458252
366,4577.851388888946,0.5582115054130554
367,4574.026388888953,0.4780844449996948
368,4574.577777777863,0.4006884694099426
369,4587.64166666675,0.4024922847747803
370,4603.481944444526,0.35971003770828247
371,4592.6666666667525,0.2982882261276245
372,4622.955555555661,0.3598048686981201
373,3313.849444444483,0.16933494806289673
374,4599.915277777874,0.39167335629463196
375,4606.173611111183,0.3896618187427521
376,4598.129166666752,0.3880378007888794
377,4620.766666666749,0.4426453113555908
378,4566.320833333441,0.4886140525341034
379,4621.152777777866,0.4948020279407501
380,4615.852777777875,0.5133145451545715
381,3332.5602777778076,0.45199063420295715
382,4621.69444444454,0.49353253841400146
383,3371.8508333333775,0.45259395241737366
384,4621.888888888966,0.5238760113716125
385,1005.6280555555558,0.6960313320159912
386,1236.3641666666663,0.6188300251960754
387,4568.044444444512,0.40278860926628113
388,4419.222222222279,0.3406963646411896
389,4430.128611111205,0.33679071068763733
390,4597.088888888966,0.34172171354293823
391,4608.2861111111915,0.3454892337322235
392,4593.722222222298,0.34906086325645447
393,4609.43888888898,0.3963712155818939
394,4592.743055555644,0.43550610542297363
395,4580.12777777786,0.4439344108104706
396,4594.1972222223,0.4336133599281311
397,4580.934722222302,0.466421902179718
398,4612.073611111202,0.46961772441864014
399,4595.327777777851,0.4658466577529907
400,4586.843055555623,0.4403787851333618
401,4422.559722222288,0.40383100509643555
402,4413.836388888958,0.3994458317756653
403,4592.258333333415,0.4234628975391388
404,4575.743055555641,0.40774983167648315
405,4612.183333333404,0.41723084449768066
406,4600.041666666741,0.4132803976535797
407,4570.840277777857,0.38190555572509766
408,4612.2097222223165,0.4360490143299103
409,4593.65694444454,0.37655603885650635
410,4611.440277777866,0.37638261914253235
411,4607.445833333394,0.3786059319972992
412,4596.629166666776,0.3664492070674896
413,4619.284722222327,0.38186877965927124
414,4611.154166666746,0.4175660312175751
415,4606.876388888981,0.4041306972503662
416,4608.959722222308,0.4293346107006073
417,4612.497222222313,0.4301939904689789
418,4620.43333333341,0.4151623547077179
419,4609.341666666763,0.40249380469322205
420,4618.94166666676,0.40440642833709717
421,4622.027777777869,0.4323735237121582
422,4572.85833333344,0.360600084066391
423,4619.5027777778705,0.37129464745521545
424,4618.001388888985,0.3616243302822113
425,4605.911111111203,0.368708997964859
426,4609.865277777871,0.36486580967903137
427,1034.7052777777778,0.3466077446937561
428,995.1277777777782,0.2981840670108795
429,3262.3583333333668,0.5680268406867981
430,4451.694722222297,0.37726590037345886
431,4616.902777777866,0.4024742841720581
432,4608.663888888962,0.4184345304965973
433,4585.261111111188,0.4199601709842682
434,4610.241666666741,0.4644486904144287
435,4609.530555555633,0.46312522888183594
436,4598.966666666734,0.4339154362678528
437,4599.915277777861,0.3882029056549072
438,4593.229166666755,0.3666134178638458
439,4605.833333333437,0.3861801326274872
440,4603.7361111111995,0.3394581079483032
441,4600.21527777787,0.3476737439632416
442,4590.8638888889745,0.38152390718460083
443,4593.1638888889665,0.38132795691490173
444,2864.522777777784,0.5841659903526306
445,4622.405555555626,0.4125959575176239
446,4605.679166666746,0.3564692735671997
447,4624.668055555657,0.3823709487915039
448,4617.722222222312,0.38433927297592163
449,4591.237500000069,0.3950883150100708
450,4608.513888889,0.3915032744407654
451,4607.483333333425,0.350117564201355
452,4618.083333333443,0.3635512888431549
453,4618.3819444445235,0.3184858560562134
454,4607.344444444539,0.3876570165157318
455,4626.230555555654,0.37318745255470276
456,4614.101388888978,0.3965412378311157
457,4641.352777777887,0.4126618206501007
458,4635.047222222344,0.3871809244155884
459,4626.7888888889875,0.3915656507015228
460,4634.848611111229,0.3851516544818878
461,4618.362500000108,0.4089878499507904
462,4622.701388888993,0.3662947714328766
463,4643.262500000112,0.37076541781425476
464,4630.756944444555,0.32052743434906006
465,4638.004166666782,0.2853959798812866
466,4639.844444444556,0.3936936557292938
467,3277.9650000000465,0.504569411277771
468,4629.773611111216,0.3256342113018036
469,4630.3875000001035,0.3911213278770447
470,4631.801388888995,0.4320566654205322
471,4633.170833333432,0.3921636939048767
472,4613.025000000097,0.3987760543823242
473,4624.251388888992,0.34061071276664734
474,4598.3319444445215,0.3469957411289215
475,4629.4013888889895,0.3678836524486542
476,4609.08055555564,0.33098557591438293
477,4623.461111111214,0.3526056110858917
478,4625.520833333442,0.34120771288871765
479,4641.876388888991,0.3781818151473999
480,4620.869444444551,0.36424773931503296
481,4622.977777777861,0.40395841002464294
482,4641.498611111237,0.4450186789035797
483,4622.32222222232,0.38932350277900696
484,4616.104166666772,0.40113937854766846
485,4615.797222222306,0.3869134187698364
486,4623.450000000111,0.3398004174232483
487,4640.584722222327,0.36967968940734863
488,4617.512500000105,0.34458020329475403
489,4641.748611111236,0.3505116105079651
490,4635.373611111215,0.3772357404232025
491,4646.926388889007,0.3535993993282318
492,4637.472222222343,0.3136480152606964
493,4616.823611111206,0.3535905182361603
494,4646.0791666668,0.3659532964229584
495,4641.666666666781,0.4259442985057831
496,4634.411111111237,0.36642926931381226
497,4645.66805555566,0.4148673415184021
498,4648.940277777889,0.3349769413471222
499,4631.829166666772,0.3253829777240753
500,4627.383333333426,0.38055670261383057
501,4641.00000000012,0.34078720211982727
502,4633.872222222321,0.3627863824367523
503,4648.793055555674,0.39957523345947266
504,4639.309722222332,0.3755762577056885
505,4623.213888888992,0.3857572376728058
506,4623.159722222311,0.3934727907180786
507,4640.968055555662,0.39429834485054016
508,4636.16111111122,0.3872315585613251
509,4632.197222222343,0.3696189522743225
510,4637.537500000118,0.3584285378456116
511,4640.152777777884,0.34426867961883545
512,4630.58750000012,0.30918893218040466
513,4638.102777777904,0.3254706561565399
514,4639.000000000094,0.3758013844490051
515,4626.273611111213,0.40205302834510803
516,4637.354166666775,0.4487290382385254
517,4620.534722222319,0.4275139570236206
518,4585.790277777879,0.36843326687812805
519,4627.675000000108,0.4685373306274414
520,4615.436111111206,0.37608540058135986
521,4623.877777777864,0.3945465683937073
522,4618.60972222232,0.37358540296554565
523,4609.3930555556335,0.3677329123020172
524,4599.519444444535,0.3793821632862091
525,4626.868055555655,0.37311825156211853
526,4588.350000000077,0.33486121892929077
527,3240.7350000000342,0.5332139730453491
528,4572.55277777785,0.317940890789032
529,4524.345833333389,0.3375869691371918
530,4577.366666666744,0.4025023281574249
531,4564.391666666726,0.48347944021224976
532,4458.683611111177,0.4013806879520416
533,4535.598611111169,0.41097813844680786
534,3410.1908333333513,0.5562146902084351
535,4579.013888888961,0.4160548150539398
536,4534.64027777783,0.3614448606967926
537,1164.2466666666644,0.13021834194660187
538,4513.77777777783,0.35582005977630615
539,4562.131944444516,0.32571589946746826
540,4505.5694444445035,0.301252156496048
541,4596.46527777785,0.4274662733078003
542,4546.440277777816,0.4244348704814911
543,4560.6986111111755,0.39180946350097656
544,4543.065277777829,0.3730858266353607
545,4526.443055555613,0.37668755650520325
546,4531.794444444485,0.34170955419540405
547,4557.2847222222845,0.3238102197647095
548,4566.947222222265,0.3022462725639343
549,4563.388888888935,0.35463201999664307
550,4553.300000000061,0.3748421370983124
551,4568.431944444512,0.426218181848526
552,3405.27666666669,0.5388561487197876
553,4594.554166666735,0.4563608765602112
554,4542.962500000055,0.47422629594802856
555,4559.741666666746,0.4201389253139496
556,4504.956944444508,0.4102334678173065
557,4578.452777777833,0.349799245595932
558,4597.483333333411,0.3388623297214508
559,4589.686111111172,0.37351176142692566
560,4613.5000000000655,0.31184181571006775
561,4595.41111111118,0.30201518535614014
562,4624.951388888969,0.3459666967391968
563,4611.804166666736,0.3267623484134674
564,4606.547222222315,0.34527307748794556
565,4619.1041666667425,0.39034831523895264
566,4623.650000000087,0.43599823117256165
567,1605.1302777777694,0.9591242074966431
568,4618.440277777884,0.355233758687973
569,1639.916666666657,0.7441070079803467
570,3322.443333333376,0.525750994682312
571,1690.1694444444358,0.6836840510368347
572,4599.461111111172,0.2739924192428589
573,4615.577777777835,0.24928605556488037
574,4607.52361111121,0.3763273060321808
575,4593.291666666753,0.3861846923828125
576,4605.005555555638,0.45315709710121155
577,4607.965277777853,0.42137905955314636
578,4610.140277777872,0.4397241175174713
579,4609.086111111176,0.4598730504512787
580,4592.966666666756,0.36959773302078247
581,4606.677777777832,0.3434731364250183
582,4612.204166666746,0.3294305205345154
583,4609.802777777858,0.30061936378479004
584,4610.972222222285,0.2875940799713135
585,4573.780555555632,0.3139845132827759
586,4610.868055555623,0.3559498190879822
587,4586.823611111193,0.32883894443511963
588,4617.452777777858,0.44686099886894226
589,4599.776388888973,0.442496120929718
590,4611.783333333402,0.48853424191474915
591,4608.125000000079,0.38142746686935425
592,4577.1000000001,0.365874707698822
593,4601.991666666745,0.3623628318309784
594,4606.4250000000675,0.2509252429008484
595,4626.705555555646,0.3434884250164032
596,4616.913888888951,0.3582400381565094
597,4613.602777777864,0.33547013998031616
598,4607.665277777849,0.2687944769859314
599,4619.609722222319,0.40936002135276794
600,4616.127777777853,0.2957758903503418
601,2827.6216666666787,0.5558097958564758
602,4628.256944444532,0.3604983985424042
603,4600.2000000000735,0.3823505938053131
604,4594.781944444511,0.34141045808792114
605,4614.787500000082,0.3538530170917511
606,4609.8138888889725,0.38952478766441345
607,4593.022222222306,0.37720927596092224
608,4580.354166666751,0.30526185035705566
609,4612.1722222223025,0.3817969858646393
610,4582.079166666733,0.3652551770210266
611,4603.698611111183,0.3435039222240448
612,4557.779166666725,0.3462834358215332
613,4613.194444444507,0.3665942847728729
614,4603.9986111111775,0.3920288681983948
615,4586.831944444521,0.41365963220596313
616,4557.127777777847,0.42439305782318115
617,4567.320833333411,0.4055631160736084
618,4584.045833333391,0.3818689286708832
619,4612.354166666734,0.39589613676071167
620,4564.3055555556175,0.3527643382549286
621,4600.511111111192,0.34987393021583557
622,4586.259722222299,0.42298945784568787
623,4571.14027777785,0.35848984122276306
624,4614.411111111188,0.31864306330680847
625,4585.063888888961,0.4130319058895111
626,4617.89027777786,0.35691937804222107
627,4583.779166666734,0.33365848660469055
628,4625.180555555634,0.4201619327068329
629,4590.379166666736,0.31310155987739563
630,4609.847222222322,0.32249152660369873
631,4632.441666666767,0.396602064371109
632,4619.906944444537,0.44630321860313416
633,4630.548611111206,0.40681302547454834
634,4628.306944444511,0.3347301781177521
635,1181.6341666666644,0.2608887255191803
636,4636.786111111204,0.4262685179710388
637,4624.886111111206,0.28221622109413147
638,4616.581944444524,0.3049473464488983
639,4632.34722222232,0.37715429067611694
640,4630.9805555556695,0.3378627300262451
641,4646.85277777788,0.44004449248313904
642,4644.491666666773,0.4445817172527313
643,1590.0255555555477,0.8923758864402771
644,4630.768055555656,0.2972683310508728
645,1131.2413888888884,0.09059100598096848
646,1099.7897222222202,0.009352780878543854
647,4648.005555555673,0.3492245078086853
648,4643.850000000102,0.28484615683555603
649,4641.884722222346,0.37437716126441956
650,3280.722222222259,0.5054056644439697
651,4650.2513888890035,0.34240251779556274
652,4652.6555555556615,0.47644132375717163
653,4648.777777777898,0.39600008726119995
654,4651.815277777897,0.3693014979362488
655,4658.109722222341,0.3373931050300598
656,4650.9972222223305,0.30802783370018005
657,4647.584722222347,0.30515965819358826
658,4649.765277777898,0.40645188093185425
659,4653.872222222352,0.41557279229164124
660,4649.650000000133,0.3054439425468445
661,4648.616666666785,0.40430948138237
662,4658.920833333448,0.4399099349975586
663,4652.031944444577,0.3901553452014923
664,4653.48055555567,0.2888652980327606
665,4642.165277777878,0.37139156460762024
666,4647.611111111215,0.42460834980010986
667,4645.125000000119,0.4070509374141693
668,4641.401388889012,0.4173755645751953
669,4644.3930555556735,0.4914608895778656
670,4637.602777777897,0.36001792550086975
671,4621.723611111198,0.2492685467004776
672,4630.445833333421,0.26992174983024597
673,1672.668888888882,1.126894235610962
674,4632.093055555643,0.3058178722858429
675,4625.576388888963,0.25019124150276184
676,4608.76944444453,0.3030708432197571
677,4595.950000000046,0.2671583890914917
678,4575.891666666736,0.3054790496826172
679,4570.586111111177,0.36288967728614807
680,4587.780555555611,0.44313907623291016
681,1195.7733333333317,0.31315872073173523
682,2645.3647222222303,0.7853541970252991
683,1189.4083333333324,0.37199974060058594
684,4570.516666666727,0.3516264259815216
685,4524.677777777824,0.3370774984359741
686,1137.5519444444433,0.09025431424379349
687,4589.177777777839,0.23513029515743256
688,4595.934722222304,0.24120642244815826
689,4577.80277777784,0.31317269802093506
690,4596.913888888942,0.3052563965320587
691,4555.663888888939,0.40857285261154175
692,4501.000000000047,0.44835156202316284
693,4573.473611111154,0.5267490744590759
694,3278.165555555567,0.8331633806228638
695,4561.28333333338,0.47952547669410706
696,4546.701388888943,0.42770707607269287
697,4557.318055555619,0.3713504374027252
698,4581.412500000039,0.28642788529396057
699,4558.148611111154,0.3138798177242279
700,4540.6305555556155,0.2054702788591385
701,4594.5888888889585,0.24737948179244995
702,4561.3513888889665,0.33673757314682007
703,4606.286111111191,0.33505740761756897
704,4606.452777777839,0.4385848939418793
705,4596.248611111174,0.36845701932907104
706,4586.886111111182,0.5446251630783081
707,4589.9861111111695,0.4078473150730133
708,4557.916666666737,0.3885617256164551
709,1211.2438888888885,0.5440356135368347
710,4596.475000000063,0.309319406747818
711,4604.898611111201,0.24081675708293915
712,4514.822777777841,0.13332191109657288
713,4616.10694444453,0.27792462706565857
714,4420.595833333395,0.14970125257968903
715,4621.47638888898,0.29059407114982605
716,4628.791666666757,0.3621264100074768
717,4603.343055555604,0.39339545369148254
718,4615.059722222294,0.5147586464881897
719,4623.362500000084,0.40652504563331604
720,4632.954166666752,0.2949382960796356
721,4494.167777777857,0.1868174970149994
722,4619.168055555637,0.334249347448349
723,4595.92777777787,0.2655755281448364
724,4576.7277777778645,0.32099074125289917
725,2418.6872222222223,0.710483968257904
726,4622.888888888982,0.3138911724090576
727,4625.737500000086,0.39654651284217834
728,4618.738888888974,0.33863702416419983
729,4604.9861111111995,0.32321590185165405
730,4615.770833333418,0.3252328336238861
731,4628.169444444542,0.3110634982585907
732,4624.0319444445195,0.35943132638931274
733,4600.191666666762,0.4448974132537842
734,4607.629166666758,0.29064512252807617
735,4637.895833333417,0.43041089177131653
736,4640.486111111207,0.2527727484703064
737,4629.670833333427,0.40952610969543457
738,4629.856944444538,0.37786194682121277
739,4631.931944444524,0.29275059700012207
740,4627.486111111213,0.4880129098892212
741,4621.377777777864,0.3770524263381958
742,4631.766666666774,0.46437111496925354
743,4615.586111111209,0.5355207920074463
744,4628.558333333435,0.25465765595436096
745,4623.690277777881,0.34912532567977905
746,4636.340277777876,0.3617721199989319
747,4635.294444444535,0.3692018687725067
748,4630.995833333423,0.4069584012031555
749,4639.1333333334205,0.19905279576778412
750,4625.60972222233,0.37386950850486755
751,4625.186111111199,0.3653375804424286
752,4645.004166666779,0.4725863039493561
753,4644.400000000112,0.4779900908470154
754,4635.766666666771,0.3614466190338135
755,4642.57916666678,0.43985334038734436
756,4640.794444444539,0.4477100074291229
757,4648.766666666779,0.29343682527542114
758,4624.950000000102,0.35162854194641113
759,4639.909722222328,0.3868895173072815
760,4645.583333333452,0.24717824161052704
761,4633.516666666785,0.35490745306015015
762,4635.715277777891,0.37455931305885315
763,4650.631944444573,0.4083259105682373
764,4640.350000000106,0.4445715546607971
765,4646.241666666788,0.38789525628089905
766,4649.195833333447,0.35068267583847046
767,4632.768055555634,0.3218556344509125
768,4640.590277777883,0.2994672656059265
769,4648.002777777902,0.3159010410308838
770,4328.314722222326,0.21193599700927734
771,4640.6902777778805,0.33117228746414185
772,4642.563888889008,0.46246665716171265
773,4634.750000000094,0.3282303214073181
774,4637.884722222325,0.3401375710964203
775,4627.734722222326,0.3230268359184265
776,4637.59583333343,0.24735435843467712
777,4631.963888888968,0.2623473107814789
778,4623.036111111216,0.1867305189371109
779,4635.841666666757,0.25196051597595215
780,4628.194444444544,0.38508036732673645
781,4630.334722222314,0.44412973523139954
782,4623.054166666762,0.33986496925354004
783,4618.919444444534,0.35340869426727295
784,4627.958333333414,0.32771334052085876
785,4628.276388888986,0.2600865066051483
786,4628.920833333416,0.3588533401489258
787,4626.0527777778625,0.3473416566848755
788,4615.156944444525,0.2817823588848114
789,4598.7236111111815,0.20271992683410645
790,4610.829166666742,0.34009870886802673
791,4617.112500000088,0.22538551688194275
792,4607.643055555636,0.329117089509964
793,4616.3180555556355,0.4519965350627899
794,4614.916666666736,0.5409034490585327
795,4626.000000000077,0.4193347096443176
796,4612.156944444514,0.4604458510875702
797,4575.220833333409,0.259660929441452
798,4585.62361111118,0.23840242624282837
799,4587.64444444451,0.19878873229026794
800,4616.177777777846,0.23690225183963776
801,4588.012500000059,0.251541405916214
802,4605.759722222291,0.15671378374099731
803,4580.777777777833,0.43530401587486267
804,4570.140277777848,0.40663138031959534
805,4571.147222222293,0.5455849170684814
806,4573.130555555627,0.6541779041290283
807,4541.336111111159,0.5547516942024231
808,4598.537500000062,0.46869996190071106
809,4567.905555555628,0.4869268238544464
810,4557.445833333384,0.4736136496067047
811,2715.748611111115,0.5657268166542053
812,4595.88611111117,0.13644468784332275
813,4605.18333333342,0.18117423355579376
814,4580.2944444445175,0.2057107537984848
815,4590.154166666761,0.3117983937263489
816,4614.083333333425,0.4161941409111023
817,4614.155555555629,0.3383348882198334
818,4617.420833333416,0.5712109804153442
819,4615.600000000109,0.43398454785346985
820,4613.315277777838,0.42964696884155273
821,4620.755555555637,0.45790278911590576
822,4632.3930555556535,0.42024746537208557
823,4624.512500000079,0.308891236782074
824,4598.833333333433,0.35082298517227173
825,3441.4483333333733,0.6381241679191589
826,4606.637500000078,0.20504380762577057
827,3289.75722222226,0.5432859063148499
828,4616.484722222325,0.2678510248661041
829,4627.461111111209,0.274175226688385
830,3347.3977777778173,0.7337704300880432
831,4624.47777777784,0.3286517262458801
832,4612.180555555635,0.35623228549957275
833,4614.811111111217,0.3509117066860199
834,4590.166666666755,0.3673948347568512
835,4596.384722222314,0.3315224349498749
836,4608.16250000009,0.3451053500175476
837,4596.397222222306,0.33827292919158936
838,4595.218055555638,0.37613674998283386
839,4592.8361111111835,0.34790417551994324
840,4609.0069444445135,0.4063936471939087
841,4607.047222222293,0.4208138585090637
842,4610.991666666742,0.2939983308315277
843,4628.408333333431,0.36249494552612305
844,4619.89027777785,0.3878251314163208
845,4593.111111111165,0.35840898752212524
846,4601.30138888895,0.2504754364490509
847,4612.962500000081,0.2895577549934387
848,4583.881944444526,0.39557570219039917
849,4599.220833333401,0.2700939476490021
850,4610.170833333396,0.31546226143836975
851,4604.980555555627,0.3260519802570343
852,3375.4038888889268,0.7213859558105469
853,4617.637500000076,0.39864382147789
854,4587.672222222289,0.4237346053123474
855,4608.411111111174,0.37385183572769165
856,4584.400000000056,0.3721303343772888
857,4577.752777777859,0.3494861423969269
858,4577.451388888979,0.32079634070396423
859,4627.5263888889685,0.23274646699428558
860,4592.5791666667255,0.2706773579120636
861,4593.040277777839,0.29378578066825867
862,4584.854166666731,0.36831122636795044
863,4603.951388888951,0.44271576404571533
864,4556.11805555563,0.3985285758972168
865,4584.044444444512,0.41648581624031067
866,4570.109722222296,0.39723512530326843
867,4529.626388888929,0.34973853826522827
868,4540.525000000041,0.3309912383556366
869,4523.081944444499,0.301180899143219
870,4576.018055555613,0.3460667133331299
871,4576.3805555556,0.3767634630203247
872,4544.5652777778205,0.3476627469062805
873,4590.563888888942,0.3752661943435669
874,4548.281944444516,0.3674612045288086
875,4568.927777777826,0.3109027147293091
876,4606.918055555628,0.3481721878051758
877,1903.499722222219,0.9769630432128906
878,4601.441666666731,0.35716530680656433
879,4592.622222222283,0.32437455654144287
880,4599.416666666746,0.3663249611854553
881,1169.7208333333322,0.30598291754722595
882,1181.6247222222194,0.32781481742858887
883,4583.0083333334005,0.330356240272522
884,4607.125000000061,0.29377084970474243
885,4597.856944444509,0.3206731677055359
886,4592.676388888947,0.39269471168518066
887,4517.366666666731,0.459708571434021
888,4465.496666666737,0.42211905121803284
889,4587.1500000000715,0.5102642774581909
890,4605.700000000074,0.3727468252182007
891,4593.2666666667255,0.41001442074775696
892,4544.004166666726,0.33387160301208496
893,4590.61388888894,0.32027098536491394
894,4570.088888888939,0.2702665627002716
895,4543.97500000005,0.2815302610397339
896,4536.600000000056,0.30724358558654785
897,4563.984722222306,0.32515984773635864
898,4577.505555555606,0.3769979476928711
899,4540.130555555597,0.36455652117729187
900,4523.5194444445,0.3365790843963623
901,4555.169444444508,0.37488022446632385
902,4580.843055555622,0.39409589767456055
903,4562.0805555556335,0.3496963381767273
904,4554.136111111183,0.433334618806839
905,4607.968055555619,0.4201866686344147
906,4597.994444444531,0.2850770652294159
907,4618.5097222223085,0.353702187538147
908,4562.901388888977,0.2333555817604065
909,4608.244444444521,0.31888818740844727
910,4601.354166666744,0.2788902521133423
911,4551.169444444514,0.3333374857902527
912,4615.106944444527,0.33857545256614685
913,4590.095833333405,0.3766134977340698
914,4610.8944444445015,0.34782692790031433
915,4603.994444444516,0.3327564597129822
916,4592.181944444504,0.35914403200149536
917,4601.316666666754,0.32528722286224365
918,4568.247222222301,0.317126989364624
919,4605.1736111111795,0.3670594096183777
920,4583.179166666759,0.3113122880458832
921,4595.243055555628,0.26619696617126465
922,4601.009722222313,0.27027130126953125
923,4612.162500000068,0.3767641484737396
924,4621.781944444535,0.411908358335495
925,4625.061111111202,0.38229095935821533
926,4626.581944444538,0.4071750044822693
927,4625.972222222315,0.46566954255104065
928,4617.479166666769,0.2774442136287689
929,4619.006944444535,0.3014172315597534
930,4627.334722222321,0.3216901421546936
931,4630.481944444543,0.23400020599365234
932,4632.030555555639,0.25349581241607666
933,4630.3361111112235,0.24469417333602905
934,4630.480555555643,0.3156487047672272
935,4628.148611111191,0.40874671936035156
936,4642.256944444549,0.3815101981163025
937,4631.008333333431,0.3609623908996582
938,4630.145833333422,0.46082741022109985
939,3479.7972222222684,0.6736001968383789
940,4604.729166666763,0.31459835171699524
941,2646.102500000006,0.6721394658088684
942,4619.975000000083,0.3506471514701843
943,4617.338888888959,0.3172411322593689
944,4589.766666666739,0.3531392216682434
945,4611.284722222293,0.2949514091014862
946,4599.719444444514,0.3411819040775299
947,4591.940277777836,0.3592495024204254
948,4567.656944444489,0.2967689633369446
949,4516.512500000057,0.29869529604911804
950,4586.531944444508,0.39985936880111694
951,4586.34444444451,0.3108333647251129
952,4575.936111111183,0.3621855676174164
953,4556.529166666725,0.3843996226787567
954,4547.82500000007,0.34934353828430176
955,4574.55416666672,0.3220563232898712
956,4594.31805555561,0.40481579303741455
957,4588.462500000067,0.3403153717517853
958,4557.779166666716,0.3253417909145355
959,4545.716666666724,0.2920956015586853
960,4576.562500000067,0.3199615776538849
961,2851.5933333333483,0.5713509917259216
962,4577.656944444507,0.30401095747947693
963,4602.377777777836,0.3512359857559204
964,4594.78750000006,0.3852114975452423
965,4581.587500000047,0.34735289216041565
966,4591.93055555562,0.29861679673194885
967,4599.281944444531,0.3683944344520569
968,4607.148611111172,0.335902601480484
969,4612.705555555637,0.3243573307991028
970,4597.400000000068,0.39871764183044434
971,4602.161111111183,0.35459616780281067
972,4596.856944444514,0.2528366148471832
973,4630.427777777858,0.3627832233905792
974,4632.266666666757,0.31943562626838684
975,4602.970833333412,0.28104373812675476
976,4627.631944444529,0.3350316882133484
977,4624.82916666674,0.34964656829833984
978,4627.768055555652,0.41997918486595154
979,4624.706944444537,0.2804563343524933
980,4641.3138888889935,0.34020495414733887
981,4628.00416666675,0.46698126196861267
982,4629.369444444542,0.48369619250297546
983,4625.091666666754,0.31958696246147156
984,4633.477777777868,0.2742786407470703
985,4624.981944444535,0.2883475124835968
986,4638.931944444545,0.2906237542629242
987,4626.7027777778785,0.21514400839805603
988,4638.286111111192,0.33750471472740173
989,4629.91527777788,0.2755334675312042
990,4632.965277777868,0.35633859038352966
991,4628.73472222233,0.44266965985298157
992,4628.790277777874,0.30927103757858276
993,4617.470833333432,0.4261115491390228
994,4626.712500000099,0.4305776357650757
995,4618.112500000083,0.47232741117477417
996,4634.212500000075,0.321942538022995
997,4638.937500000096,0.36592039465904236
998,4632.352777777873,0.3125838041305542
999,4641.102777777875,0.28097909688949585
1000,4630.275000000106,0.36468568444252014
1001,4630.025000000095,0.26924511790275574
1002,4636.543055555655,0.22312819957733154
1003,4640.023611111197,0.30209946632385254
1004,4634.637500000092,0.31597664952278137
1005,4639.216666666769,0.40206390619277954
1006,4623.440277777852,0.4193112254142761
1007,4638.93472222231,0.35527995228767395
1008,4637.683333333433,0.5074098110198975
1009,4656.320833333451,0.4126576781272888
1010,4641.047222222327,0.3420349955558777
1011,4637.269444444544,0.2916136384010315
1012,4630.69861111122,0.2722921371459961
1013,4650.023611111213,0.31401270627975464
1014,4650.48055555567,0.20882442593574524
1015,4648.416666666788,0.24312466382980347
1016,4649.779166666777,0.32451215386390686
1017,4653.959722222358,0.287088543176651
1018,3282.083888888928,0.6035041809082031
1019,3299.2750000000424,0.6775031089782715
1020,4653.951388889016,0.3788384795188904
1021,4647.143055555675,0.46534258127212524
1022,4654.984722222339,0.3894951641559601
1023,4641.793055555668,0.36020830273628235
1024,4650.272222222331,0.2803299129009247
1025,4640.302777777891,0.3148609697818756
1026,4640.166666666773,0.22257831692695618
1027,4645.122222222325,0.24256838858127594
1028,4633.0111111112055,0.25776582956314087
1029,4648.258333333438,0.273128867149353
1030,4640.488888888981,0.34370094537734985
1031,4626.719444444548,0.3606051504611969
1032,4636.261111111222,0.32872167229652405
1033,4641.081944444547,0.36148786544799805
1034,4643.611111111192,0.34641796350479126
1035,4639.170833333438,0.34258607029914856
1036,4639.647222222304,0.3233187198638916
1037,4636.340277777867,0.23873458802700043
1038,4636.351388888992,0.29575711488723755
1039,4647.39722222232,0.2966976761817932
1040,2690.1516666666635,0.699526846408844
1041,3312.2650000000335,0.6463445425033569
1042,1808.1008333333252,1.2094210386276245
1043,4643.91666666677,0.34115442633628845
1044,4624.956944444535,0.479121595621109
1045,4638.330555555658,0.46407365798950195
1046,4632.163888888981,0.4515705704689026
1047,4634.740277777855,0.4006619155406952
1048,4638.9444444445535,0.31268221139907837
1049,4642.86944444456,0.2001054883003235
1050,4631.993055555642,0.2452978938817978
1051,4627.756944444563,0.1951082944869995
1052,4637.66944444455,0.2983413338661194
1053,4637.469444444539,0.2619142234325409
1054,4629.69166666677,0.24911637604236603
1055,4641.572222222325,0.48677921295166016
1056,4636.515277777866,0.5064046382904053
1057,4623.483333333412,0.4308261275291443
1058,4627.454166666742,0.35752713680267334
1059,4616.597222222335,0.4340115487575531
1060,4648.138888888996,0.40568816661834717
1061,4625.651388888978,0.25494858622550964
1062,4628.631944444544,0.2990702986717224
1063,4625.25138888898,0.3884294331073761
1064,4636.898611111208,0.4353184700012207
1065,4632.463888889003,0.3795236647129059
1066,4617.015277777857,0.35423770546913147
1067,4623.0430555556595,0.2911052703857422
1068,4622.925000000073,0.26986250281333923
1069,4617.981944444537,0.29938679933547974
1070,4632.247222222316,0.40185773372650146
1071,4628.776388888977,0.32931727170944214
1072,4615.350000000065,0.3931235373020172
1073,4597.334722222302,0.35004982352256775
1074,4599.118055555633,0.47315022349357605
1075,4625.687500000088,0.44986024498939514
1076,4614.676388888968,0.3633422553539276
1077,4610.986111111185,0.39504995942115784
1078,4584.16388888897,0.3127567172050476
1079,4594.52083333342,0.2809244692325592
1080,4590.944444444515,0.24454833567142487
1081,4615.479166666739,0.26524266600608826
1082,4620.44027777785,0.23483213782310486
1083,4594.391666666736,0.21231383085250854
1084,4608.904166666728,0.40594759583473206
1085,4608.734722222312,0.3976418077945709
1086,4614.38055555564,0.39307263493537903
1087,4624.826388888965,0.4079236686229706
1088,4608.058333333406,0.328132301568985
1089,4624.412500000085,0.28494375944137573
1090,4619.159722222308,0.35330861806869507
1091,4623.091666666748,0.29622575640678406
1092,4618.900000000059,0.39350855350494385
1093,4614.090277777863,0.3678097128868103
1094,4622.319444444539,0.3048255741596222
1095,4613.202777777875,0.3404422402381897
1096,4631.83333333341,0.30458447337150574
1097,4627.959722222296,0.4047878682613373
1098,4620.877777777868,0.27746689319610596
1099,4618.615277777854,0.373426616191864
1100,4626.873611111195,0.2759745717048645
1101,4639.893055555659,0.3623388707637787
1102,4643.679166666757,0.1923328936100006
1103,4622.252777777876,0.2613261938095093
1104,4633.627777777866,0.2740459144115448
1105,4630.906944444542,0.337859570980072
1106,4620.936111111198,0.39336293935775757
1107,4611.9402777778705,0.3803907036781311
1108,4624.218055555648,0.321572482585907
1109,4629.501388888961,0.3549717366695404
1110,4622.234722222317,0.4132678210735321
1111,4636.85972222232,0.423392653465271
1112,4631.850000000082,0.3813326358795166
1113,4630.727777777862,0.26233306527137756
1114,4635.508333333429,0.3230205178260803
1115,4630.5777777778685,0.18074434995651245
1116,4631.901388889002,0.2056170403957367
1117,4634.730555555645,0.2706790566444397
1118,4640.577777777883,0.366558313369751
1119,3433.77472222226,0.5379785299301147
1120,4650.250000000109,0.3388175070285797
1121,4647.995833333444,0.4130418598651886
1122,4646.7722222223365,0.3849523067474365
1123,4636.659722222318,0.2423814833164215
1124,4648.316666666776,0.3020577132701874
1125,4640.76111111122,0.29702913761138916
1126,4640.520833333432,0.3556253910064697
1127,4638.0694444445335,0.34601330757141113
1128,4637.151388888987,0.2901255488395691
1129,4631.623611111182,0.3015863597393036
1130,4629.147222222323,0.27532273530960083
1131,4628.891666666759,0.2643522322177887
1132,4622.766666666763,0.2517833411693573
1133,4611.040277777851,0.32295355200767517
1134,4615.301388888969,0.23161113262176514
1135,4607.377777777855,0.4008375108242035
1136,4500.543055555604,0.38592496514320374
1137,4568.316666666718,0.4117242991924286
1138,4565.472222222282,0.47124147415161133
1139,4571.790277777832,0.5018749237060547
1140,4550.077777777848,0.44143593311309814
1141,4504.186111111138,0.44609278440475464
1142,4539.70416666671,0.4602794349193573
1143,4544.825000000043,0.5188582539558411
1144,4489.884722222264,0.6098837852478027
1145,4538.284722222265,0.5600354671478271
1146,4560.013888888944,0.39918893575668335
1147,4488.673611111158,0.4803258180618286
1148,4466.015277777805,0.42900142073631287
1149,4568.2458333333725,0.3520813286304474
1150,4505.465277777817,0.4299934506416321
1151,4534.523611111141,0.3551730811595917
1152,4552.826388888935,0.40573301911354065
1153,4526.491666666712,0.4334605634212494
1154,4558.125000000057,0.4575364887714386
1155,4556.709722222268,0.4440464973449707
1156,4575.525000000031,0.4815215468406677
1157,4571.347222222276,0.42432016134262085
1158,4580.9972222222905,0.4028937518596649
1159,4595.409722222287,0.46862661838531494
1160,4561.338888888941,0.32458868622779846
1161,4564.479166666722,0.3318161368370056
1162,4614.909722222294,0.3567498028278351
1163,4592.465277777843,0.35491612553596497
1164,4598.154166666726,0.3551669120788574
1165,3352.205833333366,0.669984757900238
1166,1616.690277777773,1.0854637622833252
1167,4615.8527777778545,0.4504670202732086
1168,4623.108333333406,0.42796266078948975
1169,4630.386111111197,0.4044274687767029
1170,4624.89305555562,0.33296656608581543
1171,4601.8305555556235,0.30439937114715576
1172,4617.277777777852,0.3247261643409729
1173,4625.38888888898,0.3228953182697296
1174,4596.3222222222985,0.24112191796302795
1175,4630.675000000088,0.37132152915000916
1176,4620.5916666667545,0.3624098598957062
1177,4624.156944444546,0.40183526277542114
1178,4636.72083333344,0.4205479621887207
1179,4623.744444444541,0.3187299072742462
1180,4642.834722222314,0.4217339754104614
1181,4619.80555555562,0.3372465968132019
1182,4608.0722222223185,0.351991206407547
1183,4638.45555555564,0.3091578483581543
1184,4632.834722222311,0.3721531629562378
1185,4632.245833333439,0.3549184203147888
1186,4632.445833333417,0.35573551058769226
1187,4642.241666666785,0.46191108226776123
1188,4646.325000000108,0.39620286226272583
1189,4639.458333333432,0.4289679527282715
1190,4628.523611111207,0.37930718064308167
1191,4635.226388888986,0.27493664622306824
1192,4635.894444444544,0.3338656723499298
1193,4636.390277777891,0.2820419669151306
1194,4621.155555555639,0.2849947214126587
1195,4618.045833333424,0.3432713449001312
1196,4626.431944444529,0.32701072096824646
1197,4614.391666666763,0.30649831891059875
1198,4623.383333333419,0.3450891077518463
1199,4626.273611111191,0.3344697654247284
1200,4630.316666666759,0.36761474609375
1201,4631.123611111212,0.3005453646183014
1202,4630.866666666763,0.27454641461372375
1203,4632.036111111196,0.27197927236557007
1204,4634.837500000099,0.24285349249839783
1205,4635.491666666767,0.22498001158237457
1206,4614.702777777859,0.41811808943748474
1207,4623.0291666667545,0.3623341917991638
1208,4631.252777777846,0.4250282943248749
1209,3576.5988888889246,0.7278522253036499
1210,4634.873611111197,0.39622706174850464
1211,4630.666666666749,0.3783825933933258
1212,4625.727777777873,0.4313676357269287
1213,4619.470833333412,0.30206480622291565
1214,4604.554166666752,0.2931033670902252
1215,3671.98027777781,0.39692389965057373
1216,4640.280555555648,0.26461005210876465
1217,4636.025000000093,0.2649646997451782
1218,4611.791666666766,0.3945404887199402
1219,254.27500000000003,0.5240464210510254
1220,4636.938888888984,0.5800909399986267
1221,4635.031944444535,0.5882716178894043
1222,4633.016666666764,0.5794509649276733
1223,4631.429166666756,0.5270856618881226
1224,4634.201388889,0.3835436999797821
1225,4628.041666666757,0.3803480863571167
1226,4643.775000000101,0.230674147605896
1227,4641.4291666667605,0.19927136600017548
1228,4639.441666666777,0.15805165469646454
1229,4643.279166666784,0.22882001101970673
1230,4648.068055555658,0.17512831091880798
1231,4635.281944444556,0.3393346071243286
1232,4647.201388888989,0.4361586570739746
1233,4645.959722222321,0.4197366237640381
1234,4643.879166666791,0.4472128450870514
1235,4629.779166666763,0.4776862859725952
1236,4626.880555555651,0.36390575766563416
1237,4635.36111111121,0.3654440939426422
1238,4632.620833333422,0.3298586905002594
1239,4640.666666666756,0.27383744716644287
1240,4635.069444444537,0.22128568589687347
1241,4636.8027777778625,0.24044528603553772
1242,4646.727777777872,0.23050211369991302
1243,4629.958333333451,0.24898353219032288
1244,4631.636111111194,0.28818371891975403
1245,4614.338888888985,0.34175172448158264
1246,4640.050000000093,0.4232899248600006
1247,4628.4250000000975,0.4505586624145508
1248,4623.08750000008,0.44254449009895325
1249,4636.951388888987,0.4405541718006134
1250,4640.441666666757,0.39096370339393616
1251,4635.96250000008,0.3519493043422699
1252,4637.973611111211,0.22702737152576447
1253,1665.3099999999909,1.0066030025482178
1254,4628.868055555651,0.2502802312374115
1255,4628.366666666751,0.22421006858348846
1256,4625.955555555637,0.3496383726596832
1257,4627.641666666761,0.30685773491859436
1258,4617.073611111189,0.24649332463741302
1259,4619.902777777868,0.3180218040943146
1260,4611.136111111203,0.31490930914878845
1261,4617.6791666667605,0.45314550399780273
1262,4609.648611111178,0.3665183186531067
1263,4589.991666666753,0.35259971022605896
1264,4601.406944444517,0.32396554946899414
1265,4604.366666666732,0.379517525434494
1266,4614.231944444519,0.41536325216293335
1267,4598.729166666739,0.42435014247894287
1268,4583.268055555642,0.38224348425865173
1269,4598.458333333403,0.3164961338043213
1270,4588.069444444504,0.36096495389938354
1271,4585.302777777845,0.44139954447746277
1272,4588.947222222291,0.4080810248851776
1273,4602.937500000074,0.42138585448265076
1274,4582.720833333407,0.4479932487010956
1275,4593.379166666728,0.40840381383895874
1276,4578.362500000067,0.37688907980918884
1277,4602.362500000055,0.437290757894516
1278,4598.752777777839,0.34428396821022034
1279,4585.326388888941,0.3670547902584076
1280,4574.009722222287,0.30190321803092957
1281,4599.416666666752,0.35159844160079956
1282,4592.600000000079,0.3178626298904419
1283,4597.783333333396,0.44697678089141846
1284,4605.39861111119,0.481280118227005
1285,4611.9708333333965,0.3399330675601959
1286,4593.263888888971,0.413906991481781
1287,4612.1875000000955,0.2822967767715454
1288,4604.072222222301,0.2857179045677185
1289,4603.561111111179,0.22310802340507507
1290,4612.637500000069,0.247953861951828
1291,4615.143055555639,0.2368890792131424
1292,4601.338888888962,0.2647509276866913
1293,4595.583333333409,0.2609314024448395
1294,4623.175000000072,0.3199858069419861
1295,4625.78194444453,0.3990393579006195
1296,4600.981944444526,0.44923126697540283
1297,4600.756944444519,0.46481677889823914
1298,4600.998611111218,0.3571685552597046
1299,4615.5083333334205,0.4674375057220459
1300,4615.3486111112,0.36744052171707153
1301,4618.847222222294,0.3514469265937805
1302,4632.850000000083,0.3022482395172119
1303,4623.522222222313,0.3387845754623413
1304,4620.161111111215,0.25197476148605347
1305,4630.7888888889765,0.21908830106258392
1306,4617.244444444547,0.21326731145381927
1307,4620.66944444453,0.1865353137254715
1308,4617.6222222223105,0.21449118852615356
1309,4620.483333333419,0.38959038257598877
1310,4621.665277777853,0.28812849521636963
1311,4604.90416666676,0.3165564239025116
1312,4605.14722222231,0.38226714730262756
1313,4619.391666666762,0.28851020336151123
1314,4631.402777777867,0.44573602080345154
1315,4622.293055555636,0.39009585976600647
1316,4588.088888888971,0.3484358787536621
1317,4629.9847222222925,0.2647631764411926
1318,4612.084722222339,0.26041287183761597
1319,4622.120833333425,0.2892807126045227
1320,4635.488888888978,0.2576470375061035
1321,4620.18333333342,0.32083213329315186
1322,4619.1916666667485,0.1582963913679123
1323,4641.483333333421,0.23413227498531342
1324,4628.120833333426,0.21386787295341492
1325,4633.259722222323,0.2585388720035553
1326,4640.4097222223245,0.32831135392189026
1327,2702.6908333333404,0.7331414818763733
1328,2386.757222222218,0.8934836387634277
1329,4647.943055555666,0.36841729283332825
1330,4646.129166666777,0.44752275943756104
1331,4636.011111111199,0.43724772334098816
1332,4646.8277777778685,0.3441554307937622
1333,4648.8805555556655,0.3402462303638458
1334,4652.570833333452,0.4054908752441406
1335,4651.17361111122,0.2907872796058655
1336,4654.373611111224,0.3028525710105896
1337,4654.41388888901,0.2856817841529846
1338,4660.558333333464,0.3175595998764038
1339,4656.83333333344,0.1888362169265747
1340,4662.752777777901,0.4627242088317871
1341,4657.626388888999,0.35511237382888794
1342,4644.855555555656,0.31748077273368835
1343,4650.241666666782,0.25939759612083435
1344,4645.091666666768,0.4486342966556549
1345,4648.875000000104,0.383378803730011
1346,4644.312500000093,0.41598954796791077
1347,4641.556944444559,0.35430240631103516
1348,4638.90972222232,0.262536883354187
1349,4643.3666666667605,0.34227246046066284
1350,4650.684722222344,0.3761809766292572
1351,4604.552777777858,0.26306861639022827
1352,4649.311111111201,0.3238820433616638
1353,4634.69166666676,0.2759881019592285
1354,4396.307500000077,0.4307651221752167
1355,4458.608888888964,0.274530291557312
1356,4639.0000000000955,0.33904820680618286
1357,4639.830555555636,0.4333462715148926
1358,4640.318055555645,0.44124743342399597
1359,4636.609722222296,0.42372816801071167
1360,4626.084722222302,0.39080122113227844
1361,4617.608333333417,0.3069700002670288
1362,4628.902777777856,0.38467755913734436
1363,4630.431944444522,0.2166045755147934
1364,4625.679166666744,0.29703235626220703
1365,4626.13750000009,0.25543412566185
1366,4619.601388888964,0.3396231532096863
1367,4604.170833333403,0.4319959282875061
1368,4601.855555555625,0.4227352440357208
1369,4570.305555555617,0.5131456255912781
1370,4621.138888888962,0.37635406851768494
1371,4608.094444444526,0.43581387400627136
1372,4621.920833333409,0.34491655230522156
1373,4621.006944444514,0.37699851393699646
1374,4626.323611111187,0.31613296270370483
1375,4620.712500000067,0.3247040808200836
1376,4585.247222222277,0.30096206068992615
1377,4611.156944444506,0.248250350356102
1378,4613.834722222296,0.28139549493789673
1379,4613.450000000063,0.2895159125328064
1380,4619.880555555631,0.19534985721111298
1381,4610.366666666735,0.24621552228927612
1382,4617.943055555618,0.2803196609020233
1383,4609.363888888971,0.3599003553390503
1384,4636.945833333398,0.378338098526001
1385,4626.762500000088,0.36748644709587097
1386,4616.820833333429,0.3685053288936615
1387,4627.081944444522,0.3383863568305969
1388,4632.323611111194,0.37097299098968506
1389,4628.250000000092,0.299925833940506
1390,4627.766666666746,0.2881753742694855
1391,4616.1847222223,0.3808271288871765
1392,4630.670833333413,0.3937351107597351
1393,4626.387500000087,0.41114720702171326
1394,4634.104166666762,0.33796441555023193
1395,4636.920833333407,0.41520658135414124
1396,4612.043055555621,0.21521855890750885
1397,2720.400555555563,0.7816209197044373
1398,4628.375000000089,0.3511149287223816
1399,4621.334722222306,0.3628041446208954
1400,4617.88333333341,0.3635779321193695
1401,4616.8708333334125,0.297154039144516
1402,4636.694444444517,0.3604344129562378
1403,4632.072222222314,0.3374055027961731
1404,4623.252777777868,0.4372890591621399
1405,4625.518055555647,0.45696040987968445
1406,4636.770833333421,0.4991484582424164
1407,4639.550000000115,0.3641298711299896
1408,4612.8138888889725,0.31662553548812866
1409,4624.963888888976,0.30428504943847656
1410,4633.863888888979,0.21617098152637482
1411,4637.7638888889705,0.26328572630882263
1412,4638.262500000102,0.4631417691707611
1413,4633.293055555647,0.4648614227771759
1414,4622.543055555647,0.3699890077114105
1415,4634.523611111203,0.34914517402648926
1416,4635.954166666759,0.3767732083797455
1417,4633.4388888889835,0.3701001703739166
1418,4630.943055555641,0.2426702231168747
1419,4633.786111111202,0.4245706796646118
1420,4618.947222222307,0.2919420003890991
1421,4638.11666666677,0.43025603890419006
1422,4638.318055555657,0.34304332733154297
1423,4636.208333333423,0.40357670187950134
1424,4631.152777777875,0.2789418399333954
1425,4635.311111111228,0.31331807374954224
1426,4629.436111111209,0.25294262170791626
1427,4640.000000000088,0.1975058615207672
1428,4644.156944444548,0.3297288417816162
1429,4627.244444444529,0.22601458430290222
1430,4639.8152777778605,0.4050511419773102
1431,4640.738888888984,0.2510126829147339
1432,4643.255555555648,0.29590919613838196
1433,4638.35833333344,0.48527687788009644
1434,4648.916666666776,0.46276727318763733
1435,4633.870833333442,0.4418848752975464
1436,4648.888888889001,0.43432873487472534
1437,4639.2541666667785,0.25426018238067627
1438,4642.454166666768,0.27303582429885864
1439,4634.965277777868,0.24570304155349731
1440,4640.852777777887,0.2226765751838684
1441,4628.365277777863,0.35031503438949585
1442,4630.819444444527,0.4016319513320923
1443,4637.125000000093,0.34446480870246887
1444,4629.277777777866,0.3551953434944153
1445,4622.05555555563,0.3426337242126465
1446,4607.719444444511,0.3676864206790924
1447,4625.334722222309,0.2575567364692688
1448,4623.5833333334185,0.37827441096305847
1449,4618.084722222295,0.2421598881483078
1450,4625.230555555646,0.2616497278213501
1451,4609.818055555636,0.41758275032043457
1452,4621.498611111193,0.37382858991622925
1453,4601.4152777778545,0.476590633392334
1454,4628.254166666753,0.5016539692878723
1455,4641.897222222313,0.3908107876777649
1456,4634.963888888986,0.330723375082016
1457,4623.523611111183,0.3268234431743622
1458,4633.729166666765,0.29032808542251587
1459,4622.463888888971,0.3024922013282776
1460,4642.705555555655,0.28204256296157837
1461,4636.438888888983,0.31212761998176575
1462,4629.651388888993,0.35382509231567383
1463,4625.368055555643,0.277169406414032
1464,4626.511111111209,0.3420465886592865
1465,4629.091666666748,0.27161213755607605
1466,4637.888888888977,0.40947267413139343
1467,4622.244444444521,0.32729217410087585
1468,4629.908333333416,0.3556242883205414
1469,4637.202777777865,0.36348140239715576
1470,4635.440277777876,0.3136410713195801
1471,4624.391666666748,0.3542843461036682
1472,4623.262500000092,0.29829898476600647
1473,4634.326388888964,0.41328805685043335
1474,4615.948611111204,0.1856294423341751
1475,4644.397222222326,0.18994782865047455
1476,4635.322222222315,0.24403493106365204
1477,4622.936111111215,0.34280040860176086
1478,4646.048611111224,0.2578587532043457
1479,4639.276388888978,0.27242881059646606
1480,4652.331944444537,0.3283649981021881
1481,4644.141666666771,0.3333507776260376
1482,4648.001388889003,0.34178686141967773
1483,4634.930555555647,0.2834252417087555
1484,4654.676388889011,0.3459751307964325
1485,4636.843055555659,0.3188250660896301
1486,4647.568055555664,0.31750214099884033
1487,4649.244444444545,0.3388923704624176
1488,4653.762500000103,0.311746746301651
1489,4644.075000000096,0.28381091356277466
1490,4652.4166666667825,0.23331302404403687
1491,4652.523611111214,0.3101648688316345
1492,4648.647222222336,0.406766414642334
1493,4648.313888888995,0.28004276752471924
1494,4662.85833333345,0.19077055156230927
1495,4638.825000000119,0.3491687774658203
1496,4648.873611111232,0.2608811855316162
1497,4644.622222222324,0.3014015853404999
1498,4649.309722222323,0.2712688446044922
1499,4639.122222222323,0.4210290312767029
1500,4645.544444444567,0.3798518478870392
1501,1682.4427777777648,1.048573613166809
1502,2563.109722222227,0.8861868977546692
1503,4641.947222222329,0.3403376638889313
1504,4645.762500000092,0.4753614068031311
1505,4646.809722222329,0.49994000792503357
1506,4624.119444444532,0.3711426556110382
1507,4641.720833333421,0.3287196159362793
1508,4639.687500000083,0.3972283601760864
1509,4620.104166666741,0.19084517657756805
1510,4615.701388888973,0.1574227660894394
1511,4603.287500000056,0.1849367320537567
1512,4599.912500000078,0.2227528989315033
1513,4624.71527777786,0.4524616301059723
1514,4598.662500000062,0.3376034200191498
1515,4609.683333333394,0.34757518768310547
1516,4609.501388888954,0.546833872795105
1517,4622.656944444511,0.40251898765563965
1518,4629.5319444445295,0.30743107199668884
1519,4603.051388888954,0.2492063343524933
1520,4567.448611111182,0.3506587743759155
1521,4602.523611111189,0.2468710094690323
1522,4625.277777777847,0.18877695500850677
1523,4620.229166666748,0.3279820382595062
1524,4628.130555555646,0.3418863117694855
1525,4601.730555555636,0.3241308331489563
1526,4612.169444444524,0.27559879422187805
1527,4618.343055555632,0.296102911233902
1528,4630.9527777778585,0.2253795564174652
1529,4608.688888888978,0.34797367453575134
1530,4621.86527777784,0.16834668815135956
1531,4630.366666666763,0.2840891480445862
1532,4613.313888888981,0.43229034543037415
1533,4624.752777777853,0.3480914831161499
1534,4632.279166666749,0.3444937467575073
1535,4644.0097222223185,0.382609099149704
1536,4642.94861111121,0.3756270706653595
1537,4651.343055555668,0.3055177628993988
1538,4637.1583333334465,0.3686969578266144
1539,4648.431944444571,0.258696049451828
1540,4393.427777777868,0.3219890892505646
1541,931.7541666666675,0.16177986562252045
1542,4644.954166666774,0.4407671093940735
1543,4646.805555555669,0.5621262192726135
1544,4642.02916666676,0.5106031894683838
1545,4641.269444444539,0.5398553013801575
1546,4643.798611111212,0.4055139422416687
1547,4650.990277777887,0.3500503897666931
1548,4648.486111111212,0.24247372150421143
1549,4642.406944444559,0.24168917536735535
1550,4646.358333333439,0.12538360059261322
1551,4652.783333333446,0.16817697882652283
1552,4646.145833333446,0.31443262100219727
1553,4647.122222222326,0.4119217097759247
1554,4644.811111111214,0.4123305082321167
1555,4648.556944444559,0.47996699810028076
1556,4649.325000000112,0.48338228464126587
1557,4652.827777777888,0.3831300437450409
1558,4629.787500000105,0.44313737750053406
1559,4643.713888888981,0.30519482493400574
1560,4637.206944444533,0.3374345004558563
1561,4640.343055555646,0.16896012425422668
1562,4645.316666666771,0.2733694016933441
1563,4647.227777777882,0.1890702098608017
1564,4631.9611111112,0.25300899147987366
1565,4639.73750000009,0.1884486973285675
1566,4643.716666666759,0.32983720302581787
1567,4644.96944444454,0.3834168612957001
1568,4629.831944444532,0.49398425221443176
1569,4638.094444444549,0.2904633581638336
1570,4638.094444444536,0.3463332951068878
1571,191.57833333333335,0.05336301773786545
1572,3576.371944444476,0.5924648642539978
1573,4635.786111111195,0.33487337827682495
1574,4637.44027777788,0.35763785243034363
1575,4627.298611111196,0.2848840355873108
1576,4630.89722222232,0.40647122263908386
1577,4647.273611111212,0.43047401309013367
1578,4637.336111111208,0.4100649058818817
1579,4640.7444444445255,0.29542890191078186
1580,4645.451388888968,0.3074658513069153
1581,4648.569444444545,0.32523423433303833
1582,4654.680555555663,0.3020491600036621
1583,4638.280555555666,0.32439056038856506
1584,4644.693055555656,0.23002265393733978
1585,4649.715277777881,0.3480539917945862
1586,4648.575000000126,0.42599916458129883
1587,4657.406944444576,0.45100438594818115
1588,4659.8152777779105,0.48286494612693787
1589,4654.734722222347,0.3707817494869232
1590,4659.212500000121,0.438336580991745
1591,4652.169444444564,0.25341376662254333
1592,4657.258333333468,0.2834067642688751
1593,4657.0152777778985,0.3547050356864929
1594,4657.000000000126,0.27619677782058716
1595,4654.956944444558,0.31585580110549927
1596,4654.583333333449,0.29270151257514954
1597,4656.420833333447,0.3518095314502716
1598,4652.472222222347,0.3360675871372223
1599,4653.761111111223,0.2456778734922409
1600,4651.056944444547,0.3699374496936798
1601,4650.688888889008,0.4357343912124634
1602,4647.505555555653,0.336917906999588
1603,4652.070833333463,0.40944358706474304
1604,4644.302777777878,0.3762407600879669
1605,4646.730555555645,0.35956379771232605
1606,4648.644444444542,0.2193622887134552
1607,4645.362500000087,0.30552244186401367
1608,4637.125000000095,0.2472267895936966
1609,4639.944444444526,0.33909326791763306
1610,1596.00999999999,1.0330140590667725
1611,4643.3166666667485,0.3694252669811249
1612,4643.043055555656,0.2584887444972992
1613,4625.493055555647,0.3454762101173401
1614,4630.816666666748,0.4224015772342682
1615,4646.740277777887,0.28219300508499146
1616,4642.484722222325,0.3417334258556366
1617,4640.895833333428,0.27229249477386475
1618,4637.183333333418,0.3011966049671173
1619,4643.266666666756,0.2631586790084839
1620,4632.672222222322,0.4104501008987427
1621,4642.465277777871,0.1890573352575302
1622,4646.4361111112075,0.3146968483924866
1623,1059.121388888889,0.14899607002735138
1624,4641.994444444536,0.31850191950798035
1625,4632.477777777869,0.42358067631721497
1626,4633.590277777872,0.48185160756111145
1627,4631.15555555565,0.4992346465587616
1628,4631.881944444529,0.3322054147720337
1629,4630.1513888889785,0.23609687387943268
1630,4616.562500000064,0.3524138033390045
1631,4606.7291666667425,0.35146307945251465
1632,4619.4986111112,0.22334209084510803
1633,4624.344444444507,0.22541730105876923
1634,4612.952777777851,0.17749561369419098
1635,4614.179166666741,0.140764981508255
1636,4609.23055555563,0.24412789940834045
1637,4594.13472222228,0.4258571267127991
1638,4585.422222222265,0.3842490315437317
1639,4600.570833333389,0.41007137298583984
1640,4603.784722222285,0.4266095459461212
1641,4598.397222222277,0.46152475476264954
1642,4582.347222222272,0.4309769868850708
1643,4567.308333333394,0.369139701128006
1644,4610.412500000069,0.3470763862133026
1645,4589.509722222274,0.287049800157547
1646,4590.712500000035,0.39351922273635864
1647,4600.575000000038,0.3580246567726135
1648,4579.937500000054,0.3408198952674866
1649,4604.795833333389,0.40069156885147095
1650,4575.5097222222585,0.34337684512138367
1651,4610.5513888889545,0.45563867688179016
1652,4582.072222222282,0.5285705327987671
1653,4563.365277777812,0.43894529342651367
1654,4607.8847222222685,0.48734501004219055
1655,4568.029166666707,0.4423835277557373
1656,4579.850000000057,0.3900100588798523
1657,4571.388888888938,0.34254634380340576
1658,4609.552777777831,0.21105284988880157
1659,4595.455555555615,0.3258599638938904
1660,4600.583333333396,0.30842044949531555
1661,4607.465277777832,0.28662529587745667
1662,4412.966666666733,0.3971756100654602
1663,4632.943055555652,0.36512064933776855
1664,4613.316666666738,0.44831371307373047
1665,4597.16250000006,0.43930476903915405
1666,4599.126388888933,0.5639423131942749
1667,4600.588888888956,0.43721628189086914
1668,4597.468055555627,0.4693286418914795
1669,4606.675000000068,0.3606312572956085
1670,4578.3166666667275,0.277161180973053
1671,4606.172222222274,0.2899768054485321
1672,4612.8930555556135,0.2665691077709198
1673,4578.236111111167,0.26482319831848145
1674,4580.58194444451,0.26615336537361145
1675,4600.230555555605,0.29726454615592957
1676,4593.716666666749,0.3468427062034607
1677,4597.626388888957,0.38841918110847473
1678,4609.043055555654,0.40807852149009705
1679,4613.356944444513,0.47593629360198975
1680,4610.579166666749,0.40671107172966003
1681,4630.17222222231,0.4310437738895416
1682,4628.563888888975,0.30533358454704285
1683,4633.361111111197,0.4291684031486511
1684,4624.404166666743,0.3212451636791229
1685,4630.0125000000935,0.27523523569107056
1686,4630.506944444522,0.2439592480659485
1687,4633.823611111189,0.2613019645214081
1688,4634.655555555655,0.2631349265575409
1689,4623.71666666675,0.18289825320243835
1690,4638.61527777786,0.2965546250343323
1691,4636.869444444538,0.23479461669921875
1692,4653.83333333343,0.31423553824424744
1693,1033.0038888888896,0.11483680456876755
1694,4651.76111111121,0.47195789217948914
1695,4644.500000000082,0.5160187482833862
1696,4631.469444444547,0.33882206678390503
1697,4643.640277777869,0.47861993312835693
1698,1743.8361111111024,1.2320693731307983
1699,4634.522222222309,0.33365440368652344
1700,4648.040277777897,0.33576881885528564
1701,4626.302777777879,0.33580878376960754
1702,4641.722222222311,0.24230754375457764
1703,4635.431944444536,0.2586856484413147
1704,4641.669444444531,0.16485294699668884
1705,4635.770833333427,0.1998329609632492
1706,4646.672222222337,0.35799112915992737
1707,4648.14027777788,0.23982973396778107
1708,4629.0888888889585,0.2856943607330322
1709,4650.581944444541,0.3889310956001282
1710,4636.7527777778705,0.35162127017974854
1711,1643.7924999999932,1.143985629081726
1712,4636.938888888983,0.4825904667377472
1713,4643.4791666667525,0.4651716351509094
1714,4630.370833333422,0.42665183544158936
1715,4637.97638888899,0.42838719487190247
1716,4623.813888888956,0.32085564732551575
1717,4639.848611111198,0.25537383556365967
1718,4632.650000000074,0.27577874064445496
1719,4637.4236111112195,0.1707223802804947
1720,4602.276388888978,0.19146625697612762
1721,4614.369444444518,0.1879105120897293
1722,4631.029166666744,0.23490449786186218
1723,4626.883333333421,0.2920856475830078
1724,4603.222222222296,0.22436705231666565
1725,4616.869444444508,0.39693179726600647
1726,4602.386111111167,0.28732070326805115
1727,4604.322222222301,0.39424723386764526
1728,4581.431944444488,0.4645131230354309
1729,4608.118055555632,0.40472567081451416
1730,4594.93611111118,0.46768978238105774
1731,1898.5069444444355,1.0238077640533447
1732,4539.906944444517,0.41535696387290955
1733,4590.661111111173,0.27532586455345154
1734,4598.36250000007,0.27171048521995544
1735,4544.269444444497,0.4504903554916382
1736,4556.2791666667235,0.2767890393733978
1737,4560.9916666666995,0.26275965571403503
1738,4509.237500000043,0.4269450306892395
1739,4497.898611111157,0.5194635391235352
1740,4511.641666666688,0.5680240988731384
1741,4540.7500000000255,0.4957709014415741
1742,4581.555555555606,0.4810706377029419
1743,4505.859722222256,0.5588737726211548
1744,4512.263888888928,0.49453043937683105
1745,4496.116666666707,0.4088840186595917
1746,4516.720833333355,0.4402269423007965
1747,4525.191666666702,0.3720281422138214
1748,4520.988888888917,0.3723176419734955
1749,4451.748611111148,0.37466660141944885
1750,4534.386111111153,0.293002188205719
1751,4565.883333333381,0.36789584159851074
1752,4560.304166666725,0.3403366804122925
1753,4517.46388888895,0.36922621726989746
1754,4498.827777777823,0.42921561002731323
1755,4563.808333333385,0.3494715094566345
1756,4560.436111111165,0.39345788955688477
1757,1098.2797222222227,0.5510686039924622
1758,4560.063888888934,0.45131176710128784
1759,4579.386111111167,0.4367590546607971
1760,4586.526388888928,0.4271855056285858
1761,4578.147222222267,0.43437162041664124
1762,4487.5166666667255,0.39490917325019836
1763,4448.68361111118,0.4332257807254791
1764,4492.7305555556195,0.39634770154953003
1765,4572.204166666722,0.3759966492652893
1766,1080.705833333333,0.6531602740287781
1767,4503.297222222291,0.33683958649635315
1768,4598.609722222306,0.3846987783908844
1769,2803.5266666666776,0.8691230416297913
1770,4619.594444444511,0.38468292355537415
1771,4630.562500000077,0.4148513674736023
1772,4633.78194444453,0.3257528245449066
1773,4641.773611111206,0.4276255965232849
1774,4632.255555555645,0.334267795085907
1775,4635.82777777788,0.3581967353820801
1776,4645.697222222327,0.34386077523231506
1777,4649.19861111122,0.3665692210197449
1778,4642.751388889001,0.30219870805740356
1779,4651.730555555669,0.3679778575897217
1780,4651.458333333446,0.37165170907974243
1781,4652.225000000107,0.47178396582603455
1782,4653.855555555664,0.4313648045063019
1783,4642.448611111234,0.36452552676200867
1784,4660.227777777894,0.41629019379615784
1785,4663.2013888890315,0.42173701524734497
1786,4663.466666666802,0.3986299932003021
1787,4646.9694444445695,0.3422878086566925
1788,4661.813888889025,0.3798246383666992
1789,4655.108333333459,0.33075347542762756
1790,4655.554166666795,0.28302696347236633
1791,4664.109722222343,0.2838499844074249
1792,4665.188888889022,0.3105969727039337
1793,4666.751388889037,0.31060296297073364
1794,4664.2763888890495,0.35139670968055725
1795,4655.548611111248,0.35995084047317505
1796,4663.497222222367,0.3111996352672577
1797,4665.705555555699,0.2663569152355194
1798,4668.0958333334665,0.3644391596317291
1799,4669.801388889036,0.3120850622653961
1800,4666.5388888890275,0.3461137115955353
1801,4660.127777777914,0.41684967279434204
1802,4658.27083333348,0.39117875695228577
1803,4668.684722222367,0.3177106976509094
1804,4664.298611111259,0.35652485489845276
1805,4671.261111111248,0.30503278970718384
1806,1636.2986111111024,1.3203909397125244
1807,4658.9930555556975,0.35089603066444397
1808,4666.836111111265,0.3625098466873169
1809,4661.820833333476,0.5300569534301758
1810,4658.041666666805,0.4088911712169647
1811,4654.791666666785,0.40545403957366943
1812,4662.841666666789,0.5021982192993164
1813,4657.000000000125,0.4722672998905182
1814,4655.925000000114,0.4300888776779175
1815,4650.890277777894,0.4490690529346466
1816,4652.556944444552,0.4884379208087921
1817,4632.744444444555,0.24179291725158691
1818,4644.377777777883,0.25335270166397095
1819,4631.170833333435,0.29004162549972534
1820,4639.905555555659,0.36196404695510864
1821,4612.2111111112035,0.27305272221565247
1822,4630.640277777871,0.34995102882385254
1823,4633.175000000067,0.3947518765926361
1824,4632.852777777891,0.3918328881263733
1825,4632.6111111112,0.34307172894477844
1826,4635.104166666741,0.3763945400714874
1827,4629.143055555636,0.43849724531173706
1828,4608.541666666767,0.39025062322616577
1829,4624.786111111192,0.3548838496208191
1830,4599.001388888967,0.3738679885864258
1831,4629.447222222315,0.28645059466362
1832,4596.205555555605,0.28241807222366333
1833,4593.816666666725,0.4993198812007904
1834,4579.408333333396,0.3738744556903839
1835,4592.177777777833,0.5039011836051941
1836,4456.9347222222905,0.3383167088031769
1837,4598.1402777778385,0.3800480365753174
1838,4597.768055555623,0.33521193265914917
1839,4558.2527777778405,0.3477442264556885
1840,4579.804166666734,0.33803224563598633
1841,4600.58611111116,0.2906090021133423
1842,4371.346388888954,0.21740159392356873
1843,4585.475000000045,0.36850664019584656
1844,4431.785833333393,0.2479325830936432
1845,4588.394444444486,0.332565039396286
1846,4580.91250000004,0.30096980929374695
1847,4549.086111111153,0.34961655735969543
1848,1161.8027777777768,0.2816680669784546
1849,4534.1194444444955,0.2722180485725403
1850,1149.1116666666633,0.22430749237537384
1851,4534.736111111167,0.25456666946411133
1852,4606.872222222294,0.3405105173587799
1853,4548.423611111164,0.3513215184211731
1854,4565.483333333384,0.25510162115097046
1855,4571.151388888948,0.26248592138290405
1856,4565.704166666729,0.3158870339393616
1857,4596.698611111185,0.39383700489997864
1858,4590.3236111111555,0.40594959259033203
1859,4583.0708333333805,0.3592193126678467
1860,4612.944444444513,0.47885623574256897
1861,4577.937500000079,0.34607288241386414
1862,4621.948611111186,0.4201311767101288
1863,4587.338888888972,0.2760838568210602
1864,4594.691666666737,0.3070492744445801
1865,4615.008333333396,0.3631402552127838
1866,4619.8486111111915,0.37138086557388306
1867,4625.50555555565,0.24408091604709625
1868,4444.979444444506,0.21609185636043549
1869,4612.0319444445195,0.34772157669067383
1870,4605.995833333407,0.2967178523540497
1871,4550.077777777855,0.2494284063577652
1872,4596.043055555618,0.20929501950740814
1873,4613.340277777849,0.2926522493362427
1874,4543.812500000035,0.29589590430259705
1875,4609.900000000065,0.36735308170318604
1876,4571.995833333393,0.38774558901786804
1877,4574.763888888939,0.3328593671321869
1878,4589.641666666729,0.4169403314590454
1879,4579.131944444494,0.42499130964279175
1880,4599.7013888889605,0.33702921867370605
1881,4592.018055555607,0.4131775200366974
1882,4594.154166666717,0.3179263174533844
1883,4590.033333333408,0.2325640469789505
1884,4611.518055555611,0.24880783259868622
1885,4595.8555555556295,0.2552187144756317
1886,4586.884722222278,0.16281667351722717
1887,4602.238888888945,0.22668564319610596
1888,4600.2236111111915,0.16905830800533295
1889,4592.309722222267,0.22452345490455627
1890,4600.604166666723,0.2519261837005615
1891,4583.687500000049,0.31173622608184814
1892,4579.138888888937,0.511822521686554
1893,4598.59722222228,0.4346485733985901
1894,4556.8430555556215,0.35318413376808167
1895,4536.827777777827,0.4741879403591156
1896,4568.019444444513,0.4475809931755066
1897,4591.658333333398,0.4619423747062683
1898,4571.722222222303,0.4039309322834015
1899,4594.881944444514,0.25287142395973206
1900,4600.684722222282,0.29570621252059937
1901,4592.530555555625,0.2654702067375183
1902,4615.47361111117,0.325944721698761
1903,4575.337500000042,0.27861538529396057
1904,4579.594444444507,0.3384970724582672
1905,4567.291666666734,0.2698254883289337
1906,4601.704166666722,0.3413926959037781
1907,4547.880555555615,0.3588339686393738
1908,4584.337500000081,0.33388832211494446
1909,4601.468055555618,0.2999765872955322
1910,4596.1166666667405,0.3353220224380493
1911,4619.902777777842,0.2927723526954651
1912,4598.668055555631,0.38421180844306946
1913,2765.124722222233,0.7610134482383728
1914,4626.1444444445315,0.38779520988464355
1915,4598.569444444538,0.388023316860199
1916,4620.905555555624,0.37387815117836
1917,4628.754166666754,0.471253365278244
1918,4615.638888888949,0.3143045902252197
1919,4605.751388888972,0.3689284324645996
1920,4620.875000000084,0.38603147864341736
1921,4631.552777777864,0.2812248170375824
1922,4621.611111111201,0.2515983283519745
1923,4621.243055555629,0.25227785110473633
1924,4630.223611111198,0.235055610537529
1925,4636.048611111184,0.3171660304069519
1926,4642.147222222313,0.3592187464237213
1927,4631.373611111204,0.33348727226257324
1928,4636.559722222314,0.3305028975009918
1929,4645.2180555556515,0.3652907609939575
1930,4629.275000000103,0.35612931847572327
1931,4636.768055555667,0.265340656042099
1932,4636.906944444551,0.3647882342338562
1933,4634.863888888976,0.35135117173194885
1934,4614.906944444555,0.3138444423675537
1935,4655.402777777885,0.3519301414489746
1936,4648.840277777894,0.30731385946273804
1937,4654.44861111122,0.35246697068214417
1938,4645.095833333451,0.25108814239501953
1939,4653.250000000103,0.3255273103713989
1940,4653.375000000114,0.2990177869796753
1941,4657.036111111236,0.38436219096183777
1942,4633.3069444445555,0.4697859287261963
1943,4647.90555555566,0.3870266079902649
1944,4651.437500000122,0.37161576747894287
1945,4656.652777777895,0.31504201889038086
1946,4655.679166666785,0.25009065866470337
1947,4657.984722222346,0.3169274926185608
1948,4645.326388888989,0.21329981088638306
1949,4655.301388889015,0.18725834786891937
1950,4654.9625000001215,0.18563872575759888
1951,4661.983333333455,0.25643953680992126
1952,4659.719444444579,0.22227983176708221
1953,4658.244444444574,0.22428643703460693
1954,4661.058333333451,0.26585036516189575
1955,4660.395833333455,0.30711477994918823
1956,4641.595833333428,0.275312602519989
1957,4653.419444444564,0.4004851281642914
1958,4661.112500000126,0.37843799591064453
1959,4659.193055555674,0.35727354884147644
1960,4657.038888889017,0.30405837297439575
1961,4650.804166666769,0.3081367611885071
1962,4655.530555555674,0.23732666671276093
1963,2775.638055555574,0.7373690605163574
1964,2781.246111111132,0.6431822180747986
1965,4661.013888889017,0.27048638463020325
1966,4650.327777777893,0.2927183508872986
1967,4656.79166666678,0.30407100915908813
1968,4651.012500000113,0.21699610352516174
1969,4655.725000000121,0.35259297490119934
1970,4651.390277777887,0.3705548942089081
1971,4322.176666666757,0.43836334347724915
1972,4648.936111111219,0.5014203786849976
1973,4656.441666666793,0.4103192090988159
1974,4647.648611111218,0.45954665541648865
1975,4648.845833333447,0.3932366967201233
1976,4648.911111111226,0.35851186513900757
1977,4647.51944444454,0.33753490447998047
1978,4648.487500000113,0.19246071577072144
1979,4655.719444444569,0.2537102699279785
1980,4651.950000000101,0.22428110241889954
1981,4640.231944444538,0.39566677808761597
1982,4645.28888888897,0.2493879497051239
1983,4645.186111111206,0.3585931062698364
1984,4649.12222222231,0.40972018241882324
1985,4656.322222222323,0.414852112531662
1986,4643.054166666771,0.3508237898349762
1987,4643.791666666773,0.3210145831108093
1988,4634.986111111207,0.3358479142189026
1989,4644.184722222329,0.3005513548851013
1990,4643.3194444445535,0.30334633588790894
1991,4636.420833333423,0.2673543691635132
1992,4642.715277777884,0.3185897171497345
1993,4635.033333333414,0.2643387019634247
1994,4648.990277777878,0.29477959871292114
1995,4626.309722222319,0.38513779640197754
1996,4645.994444444546,0.3591513931751251
1997,4614.423611111192,0.38510966300964355
1998,4625.651388888974,0.2453070431947708
1999,4641.065277777879,0.3852651119232178
2000,4642.255555555658,0.33366313576698303
2001,4613.850000000091,0.28512778878211975
2002,4621.125000000079,0.3017815053462982
2003,4644.698611111205,0.27521637082099915
2004,4631.993055555639,0.3290381133556366
2005,4628.73055555563,0.34373289346694946
2006,4634.809722222303,0.33081018924713135
2007,4619.380555555637,0.23538202047348022
2008,4626.986111111188,0.42884185910224915
2009,4629.875000000073,0.4617120623588562
2010,4639.470833333413,0.4162905514240265
2011,4629.2125000000715,0.3174477815628052
2012,4637.218055555632,0.4166349768638611
2013,4610.772222222303,0.2639169692993164
2014,4635.130555555625,0.27790185809135437
2015,4625.17361111118,0.2785450220108032
2016,4632.204166666735,0.19151361286640167
2017,4611.744444444521,0.3077092468738556
2018,4618.686111111179,0.23573924601078033
2019,4618.440277777852,0.3026951849460602
2020,4609.183333333401,0.20047663152217865
2021,4602.845833333416,0.27871009707450867
2022,4622.584722222303,0.3624252378940582
2023,4625.081944444507,0.32068249583244324
2024,4605.676388888956,0.3032498359680176
2025,4613.913888888959,0.3301571309566498
2026,4607.565277777855,0.31828442215919495
2027,4578.476388888954,0.4133493900299072
2028,4595.291666666727,0.27173805236816406
2029,4613.034722222298,0.4050705134868622
2030,4595.690277777834,0.3844224214553833
2031,4619.081944444524,0.4568462073802948
2032,4620.472222222296,0.37249189615249634
2033,4587.166666666737,0.36497369408607483
2034,4590.612500000069,0.3136654496192932
2035,4598.837500000061,0.32650867104530334
2036,4588.733333333392,0.29186996817588806
2037,4618.651388888963,0.26471835374832153
2038,4623.630555555631,0.27523142099380493
2039,4587.180555555626,0.25113627314567566
2040,4597.063888888952,0.2869465947151184
2041,4603.323611111189,0.4756939113140106
2042,4567.798611111178,0.400490403175354
2043,4601.554166666734,0.49312281608581543
2044,4613.402777777872,0.4235999882221222
2045,4614.956944444517,0.3809320628643036
2046,4619.820833333406,0.5927878618240356
2047,4622.327777777867,0.388200044631958
2048,4622.320833333424,0.40994930267333984
2049,4634.627777777867,0.3333040773868561
2050,4632.422222222296,0.3662014305591583
2051,4611.501388888969,0.3406934440135956
2052,4618.944444444526,0.36832454800605774
2053,4625.052777777868,0.24450469017028809
2054,4618.266666666745,0.44841766357421875
2055,4635.2847222223045,0.24192345142364502
2056,4630.523611111198,0.3867914378643036
2057,4623.881944444521,0.38571879267692566
2058,4630.222222222305,0.3903998136520386
2059,4635.52916666674,0.40421679615974426
2060,4631.475000000065,0.19328291714191437
2061,4616.551388888957,0.3527163863182068
2062,4627.402777777869,0.2784459590911865
2063,4629.322222222309,0.31826457381248474
2064,4634.179166666761,0.35793086886405945
2065,4637.802777777877,0.3007850646972656
2066,4632.168055555629,0.28867703676223755
2067,4634.26944444454,0.272013783454895
2068,4644.138888888971,0.40449291467666626
2069,4639.8208333334305,0.3493823707103729
2070,4636.909722222309,0.28393247723579407
2071,4630.137500000076,0.2717016637325287
2072,4627.475000000071,0.3800007104873657
2073,4627.551388888985,0.22100256383419037
2074,4640.156944444539,0.252677321434021
2075,4636.219444444536,0.24134519696235657
2076,4604.801388888975,0.2742200791835785
2077,4633.495833333412,0.39635488390922546
2078,4629.570833333411,0.3287372887134552
2079,4628.170833333419,0.2277144193649292
2080,4629.248611111203,0.35459816455841064
2081,4647.670833333424,0.4308193325996399
2082,4628.961111111199,0.13559961318969727
2083,2638.1416666666755,0.9001123905181885
2084,3354.437500000028,0.6570041179656982
2085,4623.508333333413,0.2687326967716217
2086,4625.295833333419,0.27494320273399353
2087,4627.252777777868,0.29110217094421387
2088,4631.844444444521,0.4443298280239105
2089,4615.57916666674,0.24557015299797058
2090,4625.134722222315,0.43276694416999817
2091,4627.356944444518,0.4399656355381012
2092,4621.573611111163,0.26094719767570496
2093,4619.523611111179,0.2954104244709015
2094,4630.652777777865,0.32609036564826965
2095,4621.554166666738,0.19111087918281555
2096,4634.219444444542,0.2870566248893738
2097,4650.288888888987,0.2166859209537506
2098,4634.745833333433,0.26403823494911194
2099,4632.411111111212,0.3421298861503601
2100,4629.048611111197,0.24368828535079956
2101,4621.458333333426,0.32986605167388916
2102,4633.650000000079,0.3909980356693268
2103,4638.229166666742,0.31297093629837036
2104,4640.058333333415,0.3414284586906433
2105,4636.043055555649,0.4457456171512604
2106,4629.844444444518,0.3337422013282776
2107,4643.143055555631,0.3798898756504059
2108,4647.544444444538,0.2996618151664734
2109,4649.070833333433,0.35838451981544495
2110,4637.904166666749,0.33304473757743835
2111,4641.554166666754,0.3701792359352112
2112,4627.6083333334145,0.2809973955154419
2113,4638.927777777871,0.2892060875892639
2114,4632.563888888976,0.3039608597755432
2115,4624.320833333416,0.2846900522708893
2116,4629.8041666667605,0.3370307683944702
2117,4629.32083333342,0.26743292808532715
2118,4606.009722222294,0.2700195014476776
2119,4635.908333333429,0.34219977259635925
2120,4631.947222222313,0.23731109499931335
2121,4642.997222222323,0.21261292695999146
2122,4630.670833333403,0.32403889298439026
2123,4632.081944444513,0.29439154267311096
2124,4637.716666666755,0.26563170552253723
2125,4631.948611111203,0.46742403507232666
2126,4642.991666666753,0.33950361609458923
2127,4637.677777777856,0.4848676919937134
2128,4632.809722222313,0.34279194474220276
2129,1716.2077777777677,1.5301300287246704
2130,4631.63194444454,0.3099386394023895
2131,4632.505555555651,0.2791171669960022
2132,4603.533333333401,0.41565388441085815
2133,1895.3974999999916,0.8716862201690674
2134,4634.080555555644,0.383426308631897
2135,4624.7361111111795,0.21495279669761658
2136,4620.876388888963,0.3896803557872772
2137,4631.558333333407,0.3957158625125885
2138,4618.869444444515,0.2698025703430176
2139,4631.681944444511,0.37859970331192017
2140,4622.3458333334165,0.29375484585762024
2141,4614.913888888928,0.3581409454345703
2142,4637.375000000081,0.36349236965179443
2143,4630.022222222309,0.32514461874961853
2144,4629.411111111194,0.2860490679740906
2145,4620.811111111182,0.22934557497501373
2146,4618.037500000093,0.25130221247673035
2147,4610.766666666739,0.25490379333496094
2148,4590.450000000069,0.2837468385696411
2149,4605.288888888953,0.347079873085022
2150,4625.954166666741,0.38473910093307495
2151,4623.329166666753,0.48097312450408936
2152,4612.706944444528,0.3298399746417999
2153,4618.215277777842,0.3386179506778717
2154,4606.7902777778445,0.3759748637676239
2155,4615.694444444535,0.3398003578186035
2156,4618.898611111189,0.3082196116447449
2157,4622.976388888976,0.42967307567596436
2158,4624.5027777778605,0.35986700654029846
2159,4621.526388888968,0.30479392409324646
2160,4613.183333333402,0.2862412631511688
2161,4615.9597222223,0.21029072999954224
2162,3429.685277777807,0.7433370351791382
2163,4608.6694444445275,0.2968584895133972
2164,4628.938888888971,0.2977619469165802
2165,4614.166666666757,0.42112311720848083
2166,4596.187500000063,0.34568923711776733
2167,4635.369444444529,0.34010910987854004
2168,4613.059722222293,0.40587112307548523
2169,4634.737500000094,0.3903898298740387
2170,4617.811111111189,0.39677509665489197
2171,4618.768055555631,0.3641011416912079
2172,4629.619444444524,0.43930622935295105
2173,4627.6555555556315,0.36084339022636414
2174,4605.70694444451,0.2217944711446762
2175,4595.169444444521,0.26792797446250916
2176,4622.737500000079,0.26983311772346497
2177,4619.57638888897,0.3454824686050415
2178,4618.718055555634,0.26154929399490356
2179,4630.251388888972,0.24889454245567322
2180,4623.665277777852,0.2627716362476349
2181,4627.098611111196,0.22489973902702332
2182,4604.505555555629,0.41511866450309753
2183,4613.1638888889665,0.33906447887420654
2184,4608.02777777786,0.23083603382110596
2185,4576.902777777864,0.23950017988681793
2186,4623.069444444519,0.38595569133758545
2187,4633.625000000092,0.39104902744293213
2188,4634.418055555655,0.32358646392822266
2189,4624.493055555642,0.3671366274356842
2190,4642.411111111199,0.4521075487136841
2191,4598.756944444534,0.3547617793083191
2192,4640.923611111198,0.2547508478164673
2193,4624.997222222302,0.2841080129146576
2194,4630.700000000095,0.3085240423679352
2195,4628.029166666731,0.3105446994304657
2196,4630.88611111118,0.19339238107204437
2197,4639.423611111202,0.43509870767593384
2198,4632.075000000084,0.23944322764873505
2199,4643.254166666762,0.2015109807252884
2200,4622.430555555617,0.4158981144428253
2201,4642.356944444551,0.36925002932548523
2202,4628.406944444511,0.2594776451587677
2203,4630.145833333426,0.43900734186172485
2204,4635.916666666759,0.4038875699043274
2205,4618.847222222309,0.33309078216552734
2206,4635.898611111215,0.40981894731521606
2207,4630.329166666737,0.347621351480484
2208,4620.7861111111815,0.27692800760269165
2209,4621.116666666748,0.2865557372570038
2210,4609.576388888966,0.2691778242588043
2211,4635.988888888984,0.30662980675697327
2212,4615.400000000086,0.3467860221862793
2213,4633.5125000000835,0.33998626470565796
2214,4626.516666666737,0.25164884328842163
2215,4619.12361111118,0.27554041147232056
2216,4636.444444444519,0.41622215509414673
2217,4620.555555555636,0.4040375351905823
2218,4622.61111111119,0.2849048972129822
2219,4609.287500000073,0.490273654460907
2220,4625.066666666754,0.27914053201675415
2221,4623.919444444494,0.3212927281856537
2222,4598.783333333393,0.32002490758895874
2223,4632.047222222309,0.29393234848976135
2224,4621.255555555621,0.2511677145957947
2225,4628.694444444532,0.26627105474472046
2226,4633.438888888977,0.2556634545326233
2227,4594.1180555556275,0.2671012282371521
2228,4628.154166666747,0.31227684020996094
2229,4597.819444444509,0.21401725709438324
2230,4619.748611111189,0.2748757302761078
2231,4608.62361111119,0.1556081771850586
2232,4607.6694444445275,0.2829616367816925
2233,4587.808333333394,0.4708409905433655
2234,4636.643055555649,0.29050031304359436
2235,4622.634722222299,0.2748976945877075
2236,4630.525000000072,0.30559611320495605
2237,4619.030555555621,0.41482818126678467
2238,4632.047222222295,0.2834102213382721
2239,4636.440277777872,0.2706221640110016
2240,3620.810000000033,0.5333167314529419
2241,3375.997777777809,0.5567078590393066
2242,205.64222222222236,0.163042813539505
2243,4612.876388888956,0.29296982288360596
2244,4615.254166666746,0.37142878770828247
2245,4641.180555555641,0.512848973274231
2246,4596.287500000084,0.49868345260620117
2247,4618.843055555625,0.33542194962501526
2248,4621.575000000067,0.4962289035320282
2249,4619.297222222284,0.3938453793525696
2250,4629.111111111197,0.3883332312107086
2251,4611.697222222295,0.3362371027469635
2252,4645.922222222311,0.24645571410655975
2253,4636.844444444528,0.13562221825122833
2254,4621.252777777867,0.2441135048866272
2255,4631.569444444528,0.16274109482765198
2256,4631.751388888975,0.23479847609996796
2257,4643.298611111208,0.24341869354248047
2258,4641.172222222329,0.3419017493724823
2259,4631.597222222286,0.4794796109199524
2260,4645.55138888899,0.31723731756210327
2261,4620.495833333427,0.35208165645599365
2262,4653.986111111205,0.47228309512138367
2263,1647.1991666666609,1.04836905002594
2264,1895.7808333333244,0.8939318656921387
2265,942.5719444444443,0.07002715766429901
2266,4642.829166666772,0.28555354475975037
2267,4645.2722222223365,0.5383023619651794
2268,4648.941666666763,0.3993007242679596
2269,4635.488888888989,0.49679669737815857
2270,4644.179166666763,0.5322027802467346
2271,4630.140277777877,0.505262017250061
2272,4655.205555555661,0.5387285947799683
2273,4636.105555555654,0.5105210542678833
2274,4651.334722222336,0.45576798915863037
2275,4646.262500000093,0.5072712898254395
2276,4647.254166666767,0.3398435413837433
2277,4654.723611111217,0.16909341514110565
2278,4650.973611111234,0.31916841864585876
2279,4651.89166666679,0.3884410262107849
2280,4652.852777777893,0.27402013540267944
2281,4648.991666666776,0.3836306035518646
2282,4651.52361111122,0.3905470073223114
2283,4656.568055555685,0.37913838028907776
2284,4651.858333333446,0.502884566783905
2285,4656.077777777907,0.5643863081932068
2286,4657.548611111259,0.5374107360839844
2287,4654.21388888902,0.6113625764846802
2288,4653.823611111243,0.5166358351707458
2289,4652.347222222339,0.46354883909225464
2290,4661.670833333449,0.4966319501399994
2291,4659.058333333446,0.42027217149734497
2292,4653.544444444561,0.3539039194583893
2293,4656.7236111112425,0.3216310441493988
2294,4651.13333333346,0.23867683112621307
2295,4657.379166666774,0.2835017144680023
2296,4653.647222222348,0.206956148147583
2297,4659.952777777913,0.22106871008872986
2298,4653.97083333347,0.3487528860569
2299,4651.90555555567,0.35932597517967224
2300,4650.598611111222,0.36805862188339233
2301,4647.470833333431,0.35257411003112793
2302,4646.543055555649,0.37453415989875793
2303,4649.397222222333,0.4224158823490143
2304,4651.880555555677,0.41170260310173035
2305,4642.3388888889995,0.4052749276161194
2306,4648.005555555685,0.37665170431137085
2307,4649.254166666773,0.31372833251953125
2308,4657.287500000118,0.337765634059906
2309,1033.735555555557,0.10067912191152573
2310,4653.694444444561,0.3887101411819458
2311,1024.4963888888894,0.12257885932922363
2312,4642.636111111222,0.37448427081108093
2313,982.7683333333343,0.020155463367700577
2314,4659.500000000116,0.390464186668396
2315,4650.805555555689,0.3486892282962799
2316,4178.2763888889585,0.2668428421020508
2317,4656.580555555683,0.22480124235153198
2318,4641.900000000091,0.173343226313591
2319,4643.073611111211,0.1986151784658432
2320,4619.526388888984,0.18818917870521545
2321,4626.626388888975,0.23179326951503754
2322,4635.094444444518,0.3360236883163452
2323,4629.77916666675,0.34554994106292725
2324,4623.498611111203,0.39142313599586487
2325,4630.425000000089,0.42541995644569397
2326,4629.259722222312,0.45821765065193176
2327,4604.68194444453,0.45695146918296814
2328,4629.512500000081,0.4074239730834961
2329,4638.661111111198,0.400342732667923
2330,4620.501388888952,0.3911290764808655
2331,4640.168055555639,0.32949239015579224
2332,4628.2263888889665,0.3724602162837982
2333,4422.157500000063,0.19580277800559998
2334,4619.45000000008,0.3017214834690094
2335,4615.334722222294,0.32923370599746704
2336,4638.738888888967,0.3057686388492584
2337,4630.954166666749,0.26662975549697876
2338,4640.86388888898,0.26733434200286865
2339,4640.477777777855,0.29076075553894043
2340,4636.097222222304,0.32393309473991394
2341,4637.138888888986,0.29075485467910767
2342,4644.916666666754,0.3920553922653198
2343,4623.947222222301,0.3725240230560303
2344,4630.980555555629,0.3729003667831421
2345,4632.973611111193,0.38130152225494385
2346,4614.348611111198,0.34864166378974915
2347,4619.347222222296,0.30360904335975647
2348,4617.818055555642,0.2935360074043274
2349,4634.118055555643,0.3236100673675537
2350,4641.076388888982,0.22756722569465637
2351,4640.466666666751,0.3099658489227295
2352,4636.46805555565,0.3629334568977356
2353,4633.438888888947,0.3858214318752289
2354,4643.706944444542,0.31782153248786926
2355,4610.015277777853,0.255806565284729
2356,4627.315277777861,0.26225921511650085
2357,4622.9208333334245,0.27103009819984436
2358,4618.380555555624,0.30155637860298157
2359,4627.751388888958,0.32371893525123596
2360,4642.5527777778625,0.36537572741508484
2361,4627.968055555631,0.32714566588401794
2362,4639.451388888973,0.288275808095932
2363,4619.022222222294,0.27309945225715637
2364,4634.3152777778705,0.27066394686698914
2365,4639.104166666749,0.3460130989551544
2366,4616.502777777859,0.25529736280441284
2367,4625.713888888977,0.3309646248817444
2368,4625.558333333405,0.2251737266778946
2369,4637.697222222302,0.25012195110321045
2370,4624.9583333334185,0.3109962046146393
2371,4624.144444444531,0.39377567172050476
2372,4635.695833333419,0.3267216086387634
2373,4631.013888888967,0.23767594993114471
2374,4631.787500000073,0.24336853623390198
2375,4629.195833333409,0.26230350136756897
2376,4636.458333333423,0.29860129952430725
2377,4627.986111111201,0.45715028047561646
2378,4634.720833333415,0.29712390899658203
2379,4630.365277777863,0.32798871397972107
2380,4641.738888888966,0.40079352259635925
2381,4627.462500000082,0.35905128717422485
2382,4640.926388888967,0.2973809242248535
2383,4624.520833333406,0.37910014390945435
2384,4639.368055555664,0.4652230441570282
2385,4627.73750000009,0.3202093243598938
2386,4649.145833333441,0.2954346835613251
2387,4639.401388888981,0.3268308639526367
2388,2704.024722222225,0.5583188533782959
2389,4639.329166666747,0.23697584867477417
2390,4632.5791666667565,0.2629150152206421
2391,4631.340277777871,0.25448986887931824
2392,4637.130555555645,0.24011234939098358
2393,4630.765277777851,0.4001618027687073
2394,4640.806944444538,0.3355597257614136
2395,4637.5833333334285,0.43874654173851013
2396,4636.0472222223025,0.3409457206726074
2397,3663.952777777808,0.6754797101020813
2398,4629.1611111111915,0.41578739881515503
2399,3550.72361111113,0.6410694718360901
2400,4631.200000000083,0.38361963629722595
2401,187.85111111111115,0.3297125995159149
2402,4616.597222222299,0.38445520401000977
2403,4624.804166666742,0.33473220467567444
2404,4601.431944444517,0.3434298038482666
2405,4593.276388888952,0.33031851053237915
2406,4554.330555555612,0.44229140877723694
2407,4579.672222222286,0.3930526077747345
2408,4593.92222222227,0.37835457921028137
2409,4581.130555555603,0.47758686542510986
2410,2740.5116666666695,0.6929870247840881
2411,4562.680555555609,0.534171462059021
2412,4588.872222222264,0.3938402235507965
2413,4537.262500000035,0.45275238156318665
2414,3680.8838888889018,0.4992498457431793
2415,4551.205555555605,0.4330204725265503
2416,4581.287500000046,0.4248659610748291
2417,4570.479166666695,0.40415793657302856
2418,4524.719444444471,0.4220605194568634
2419,4545.338888888936,0.4283865690231323
2420,4546.437500000031,0.41290396451950073
2421,4510.290277777808,0.4015352129936218
2422,4522.350000000032,0.4074138104915619
2423,4519.020833333382,0.4053563177585602
2424,4573.275000000045,0.4003530740737915
2425,4540.052777777831,0.3841431736946106
2426,4530.543055555612,0.3986985385417938
2427,4491.7413888889305,0.37569934129714966
2428,4611.222222222286,0.4174721837043762
2429,3701.0772222222436,0.5463306307792664
2430,1045.5505555555553,0.44452834129333496
2431,3623.7955555555786,0.530521035194397
2432,976.5716666666691,0.3725080192089081
2433,3594.045833333363,0.5659801363945007
2434,4617.80972222229,0.38113582134246826
2435,4615.036111111206,0.3937895894050598
2436,4557.881944444508,0.3684471845626831
2437,4619.712500000058,0.400444895029068
2438,4620.925000000072,0.3624107837677002
2439,4589.165277777851,0.31936827301979065
2440,4578.887500000058,0.3191412687301636
2441,4592.611111111163,0.31319648027420044
2442,4586.122222222285,0.328892320394516
2443,4597.8611111111795,0.33011341094970703
2444,4619.877777777844,0.329924076795578
2445,4617.5472222222825,0.36244919896125793
2446,4623.641666666743,0.39395636320114136
2447,4602.226388888947,0.38973692059516907
2448,4593.658333333405,0.3468756675720215
2449,4622.85972222229,0.3810059428215027
2450,4614.975000000078,0.37227290868759155
2451,4596.825000000065,0.28089600801467896
2452,4607.393055555622,0.2928643524646759
2453,4608.025000000071,0.29026103019714355
2454,4631.184722222295,0.3078574240207672
2455,4614.930555555618,0.2985375225543976
2456,4622.675000000091,0.2964765727519989
2457,4613.058333333409,0.3456459045410156
2458,4632.745833333388,0.3658211827278137
2459,4614.940277777874,0.31475314497947693
2460,4627.0027777778705,0.31861716508865356
2461,4625.698611111179,0.2875731587409973
2462,4628.408333333422,0.2943989038467407
2463,4636.762500000079,0.33462172746658325
2464,4638.1138888889855,0.3159111738204956
2465,4637.318055555643,0.3306507468223572
2466,4644.640277777874,0.3293796181678772
2467,4640.083333333418,0.31458383798599243
2468,4394.8836111111805,0.3690539598464966
2469,4640.920833333422,0.3462572395801544
2470,4617.7000000000735,0.3762752115726471
2471,4645.483333333438,0.3557262718677521
2472,1003.8716666666685,0.14925026893615723
2473,4639.280555555641,0.36147552728652954
2474,4644.4291666667605,0.4171353280544281
2475,4643.397222222316,0.3947397768497467
2476,4631.434722222305,0.2931573688983917
2477,4634.581944444521,0.3490331768989563
2478,4648.058333333439,0.28153902292251587
2479,4650.991666666766,0.3044346272945404
2480,1063.5069444444464,0.04657638072967529
2481,4641.19027777787,0.225107342004776
2482,4651.609722222322,0.30921968817710876
2483,1026.4980555555564,0.06274111568927765
2484,4650.687500000112,0.4408186078071594
2485,4639.137500000108,0.37880605459213257
2486,2677.098055555562,0.8092968463897705
2487,4647.945833333439,0.4010678231716156
2488,4644.777777777849,0.3387381434440613
2489,4639.91527777788,0.368826299905777
2490,4643.986111111223,0.3415325880050659
2491,4641.2166666667745,0.3262470066547394
2492,4638.584722222329,0.2844913601875305
2493,4626.745833333417,0.2971588969230652
2494,4639.019444444517,0.29764324426651
2495,4644.4750000001,0.33523616194725037
2496,4641.1527777778765,0.374442994594574
2497,4644.866666666758,0.350646048784256
2498,4641.175000000078,0.35642844438552856
2499,4633.216666666775,0.3296397924423218
2500,4637.868055555651,0.3738129138946533
2501,4635.06805555564,0.34892338514328003
2502,4645.125000000091,0.32947611808776855
2503,4649.504166666756,0.353967547416687
2504,4627.590277777862,0.3252047002315521
2505,4635.862500000094,0.36531126499176025
2506,4646.372222222331,0.4359109401702881
2507,4645.343055555656,0.42929354310035706
2508,4643.9236111111995,0.3842081129550934
2509,4650.611111111216,0.4275554418563843
2510,4646.683333333427,0.40810972452163696
2511,4647.047222222327,0.35623523592948914
2512,4649.194444444537,0.42646387219429016
2513,4644.620833333437,0.3480498492717743
2514,4646.816666666774,0.390510231256485
2515,4654.629166666763,0.3373018205165863
2516,4656.729166666773,0.3589889705181122
2517,4656.091666666788,0.37299636006355286
2518,4657.590277777888,0.35981425642967224
2519,4662.020833333467,0.36703306436538696
2520,4661.51111111124,0.3496827483177185
2521,4663.856944444572,0.4055892825126648
2522,4664.030555555696,0.3522820472717285
2523,4665.21805555568,0.3714942932128906
2524,4663.562500000117,0.3770342469215393
2525,4664.965277777903,0.38859811425209045
2526,4662.813888889028,0.4199451804161072
2527,4661.654166666797,0.4745323359966278
2528,4663.850000000116,0.3235294818878174
2529,4660.793055555694,0.4341278076171875
2530,4660.2819444445795,0.33604517579078674
2531,4667.3569444445775,0.3304007351398468
2532,4662.208333333457,0.4071134626865387
2533,4664.775000000128,0.29806116223335266
2534,4662.3013888890055,0.2759002447128296
2535,4666.193055555686,0.3062726855278015
2536,4662.983333333454,0.4065667986869812
2537,4667.225000000136,0.37370869517326355
2538,4663.534722222345,0.3906586766242981
2539,4667.16944444458,0.3539451062679291
2540,4662.791666666796,0.3313034474849701
2541,4668.215277777915,0.36007729172706604
2542,4662.8305555556635,0.3056321442127228
2543,4663.151388889,0.28867024183273315
2544,4663.181944444568,0.27915188670158386
2545,4663.237500000123,0.29830679297447205
2546,4664.123611111238,0.3232131600379944
2547,4663.913888889017,0.31907281279563904
2548,4664.258333333455,0.3679157495498657
2549,4661.461111111248,0.35086962580680847
2550,4666.697222222355,0.37890827655792236
2551,4665.516666666795,0.3109630346298218
2552,4654.263888889008,0.2883226275444031
2553,4665.661111111246,0.2860301733016968
2554,4660.09583333345,0.27824556827545166
2555,4660.62638888902,0.2941405177116394
2556,4661.870833333457,0.281057208776474
2557,4657.595833333457,0.2943769693374634
2558,4646.673611111207,0.29067787528038025
2559,4637.852777777862,0.30606400966644287
2560,4649.748611111212,0.3347444236278534
2561,4643.287500000095,0.38386958837509155
2562,4650.895833333444,0.36972877383232117
2563,4641.71805555564,0.33530691266059875
2564,4642.523611111224,0.38504454493522644
2565,4652.015277777881,0.2836420238018036
2566,4637.872222222323,0.32645168900489807
2567,4644.5055555556555,0.2957516312599182
2568,4651.8180555556655,0.27183908224105835
2569,4645.077777777878,0.30059149861335754
2570,4643.991666666755,0.2792457342147827
2571,4637.223611111198,0.33072516322135925
2572,4638.750000000104,0.30869463086128235
2573,4641.64722222231,0.35353192687034607
2574,4639.047222222325,0.3041863739490509
2575,4642.669444444536,0.393619179725647
2576,4642.926388888977,0.3107932507991791
2577,4635.868055555657,0.33003318309783936
2578,4648.126388888999,0.34126752614974976
2579,4653.3236111112055,0.4167383313179016
2580,3564.9280555555906,0.5626401901245117
2581,4656.731944444553,0.3669954240322113
2582,4655.426388889002,0.43302926421165466
2583,4655.08472222233,0.37849000096321106
2584,4656.809722222328,0.32740288972854614
2585,3594.5763888889132,0.5991104245185852
2586,3609.8697222222554,0.5244522094726562
2587,4657.068055555659,0.27676641941070557
2588,4653.362500000103,0.3694704473018646
2589,3613.713333333366,0.5478717088699341
2590,4637.52638888897,0.40908849239349365
2591,4638.9375000000955,0.3724514842033386
2592,4627.606944444517,0.38965994119644165
2593,4639.180555555649,0.4073633849620819
2594,4622.27777777786,0.34121543169021606
2595,4603.975000000076,0.32521140575408936
2596,4590.7194444445195,0.31467732787132263
2597,4552.466666666717,0.36942172050476074
2598,4619.50277777784,0.3417149484157562
2599,4581.140277777818,0.3178952932357788
2600,4591.177777777824,0.3757339119911194
2601,4602.362500000072,0.4082050323486328
2602,4595.2097222222965,0.41400402784347534
2603,4596.879166666727,0.4234810471534729
2604,4616.269444444519,0.35995063185691833
2605,4612.74166666674,0.3213934004306793
2606,4598.150000000062,0.2976694107055664
2607,4573.601388888945,0.2645324468612671
2608,4628.1527777778465,0.3148411810398102
2609,4600.315277777848,0.27840185165405273
2610,4612.3416666667335,0.35342949628829956
2611,4609.97500000006,0.3786658048629761
2612,4610.195833333392,0.4059375822544098
2613,4609.351388888956,0.47582578659057617
2614,4607.073611111178,0.38973718881607056
2615,4607.062500000067,0.38201043009757996
2616,4616.776388888949,0.31125736236572266
2617,4619.131944444528,0.36991745233535767
2618,4620.700000000073,0.24298891425132751
2619,4597.994444444502,0.24546311795711517
2620,4621.491666666739,0.278266966342926
2621,4594.813888888951,0.25259941816329956
2622,4613.2055555556335,0.3763482868671417
2623,4612.269444444521,0.39885297417640686
2624,4592.5069444445235,0.41025665402412415
2625,4601.900000000066,0.44534802436828613
2626,4632.958333333409,0.401723176240921
2627,4632.980555555644,0.4173358976840973
2628,4631.976388888977,0.3466018736362457
2629,4641.566666666764,0.3064470887184143
2630,4640.984722222315,0.27787503600120544
2631,4641.672222222308,0.287474662065506
2632,4644.86527777788,0.28283849358558655
2633,4632.312500000096,0.23666131496429443
2634,4627.602777777854,0.21364396810531616
2635,4635.719444444528,0.32795149087905884
2636,4650.580555555661,0.4186916649341583
2637,4633.102777777856,0.31801745295524597
2638,4640.408333333435,0.4467628598213196
2639,4647.551388888985,0.3819097578525543
2640,4638.925000000105,0.3853573203086853
2641,4648.1125000000875,0.37905335426330566
2642,4652.894444444548,0.30871686339378357
2643,4652.39027777788,0.3175133764743805
2644,4651.361111111233,0.2460489422082901
2645,4647.080555555658,0.2843979001045227
2646,4640.669444444537,0.23178105056285858
2647,4650.477777777881,0.2519165873527527
2648,4652.07916666678,0.33647671341896057
2649,4641.622222222329,0.37481680512428284
2650,4652.740277777884,0.3366125822067261
2651,4657.4972222223405,0.3213384449481964
2652,4654.895833333436,0.315033495426178
2653,4649.693055555663,0.2858440577983856
2654,4645.9152777778845,0.3027500510215759
2655,4651.315277777885,0.34955790638923645
2656,4635.1541666667645,0.373552143573761
2657,4648.120833333435,0.4105985164642334
2658,4647.091666666772,0.33225056529045105
2659,4648.006944444541,0.31690430641174316
2660,4644.269444444538,0.32648766040802
2661,4632.050000000096,0.28259676694869995
2662,4631.027777777885,0.2954370677471161
2663,4620.252777777865,0.37988466024398804
2664,4623.20555555564,0.3633134365081787
2665,4628.493055555636,0.34103432297706604
2666,4614.652777777858,0.37926527857780457
2667,4620.59305555562,0.3950403928756714
2668,4619.484722222299,0.4301636815071106
2669,4610.073611111188,0.3190705180168152
2670,4616.38333333341,0.25680890679359436
2671,4606.241666666724,0.24079610407352448
2672,4600.1305555556255,0.27216774225234985
2673,4613.133333333414,0.2916867733001709
2674,4628.916666666753,0.2896580398082733
2675,4614.347222222304,0.3423260748386383
2676,2724.3091666666746,0.5740262866020203
2677,4603.472222222275,0.41761258244514465
2678,4591.401388888951,0.4046192765235901
2679,4598.451388888944,0.39894795417785645
2680,4521.281944444488,0.5021874308586121
2681,4593.172222222273,0.4128332734107971
2682,4592.4930555556,0.39762258529663086
2683,4589.804166666718,0.4182916283607483
2684,4603.350000000055,0.36954036355018616
2685,4570.494444444502,0.42273157835006714
2686,4604.430555555613,0.37550538778305054
2687,4549.198611111178,0.3569006025791168
2688,4564.6736111111495,0.3594556450843811
2689,4576.654166666715,0.36270201206207275
2690,4585.6152777778325,0.33125364780426025
2691,4582.683333333382,0.3630521297454834
2692,4620.954166666718,0.35299259424209595
2693,4611.309722222289,0.35937827825546265
2694,4609.300000000076,0.35317981243133545
2695,4619.170833333402,0.44249385595321655
2696,4626.380555555623,0.44481906294822693
2697,4619.963888888976,0.3835981786251068
2698,4633.147222222303,0.3379392623901367
2699,4624.394444444527,0.3760144114494324
2700,4628.876388888982,0.31042230129241943
2701,4626.668055555634,0.3092799484729767
2702,4627.438888888958,0.33153873682022095
2703,4628.869444444535,0.3373348116874695
2704,4640.015277777862,0.44437557458877563
2705,4635.663888888983,0.45394137501716614
2706,4639.488888888987,0.44722816348075867
2707,4642.176388888978,0.46856358647346497
2708,4632.625000000082,0.3880278468132019
2709,4648.047222222333,0.3948068916797638
2710,4628.204166666765,0.3228268325328827
2711,4644.213888888983,0.3566080927848816
2712,4642.216666666759,0.423091858625412
2713,4646.865277777891,0.4116078019142151
2714,4635.02638888898,0.3540719449520111
2715,4644.338888888991,0.38527679443359375
2716,4642.6277777778805,0.36830902099609375
2717,4653.029166666773,0.41620001196861267
2718,4644.00555555566,0.40513062477111816
2719,4643.323611111223,0.4081738591194153
2720,4635.270833333422,0.41729387640953064
2721,4640.7875000000995,0.4055129885673523
2722,4646.477777777896,0.37901633977890015
2723,4645.744444444544,0.40827080607414246
2724,4643.462500000108,0.3479732275009155
2725,4647.763888888996,0.40962961316108704
2726,1081.573055555555,0.1275973618030548
2727,4631.47916666674,0.35543084144592285
2728,4638.252777777862,0.3433986306190491
2729,4643.301388888977,0.35557276010513306
2730,4635.275000000083,0.4079373776912689
2731,4648.725000000101,0.4141358435153961
2732,4636.115277777862,0.3567769527435303
2733,4634.67638888897,0.39919114112854004
2734,4632.772222222305,0.36754462122917175
2735,4638.49583333342,0.46107468008995056
2736,4630.00138888898,0.37243378162384033
2737,4635.230555555652,0.38819634914398193
2738,4636.776388888972,0.36673668026924133
2739,4624.561111111193,0.38945475220680237
2740,4631.68194444452,0.3204721510410309
2741,4636.14444444453,0.39274224638938904
2742,4629.768055555643,0.3392738401889801
2743,4633.034722222312,0.3986131250858307
2744,4633.841666666748,0.346012681722641
2745,4643.288888888973,0.3569889962673187
2746,4628.873611111198,0.3813858926296234
2747,4638.101388888977,0.3876195549964905
2748,4621.788888888973,0.39813289046287537
2749,4628.893055555647,0.34515416622161865
2750,4632.666666666764,0.32368171215057373
2751,4626.702777777853,0.34913337230682373
2752,4633.913888888977,0.3216897249221802
2753,4634.986111111189,0.3080155551433563
2754,4641.176388888985,0.27983197569847107
2755,4623.361111111202,0.3508445620536804
2756,4634.700000000089,0.3780819773674011
2757,4613.626388888986,0.3901706039905548
2758,4645.4569444445315,0.48965057730674744
2759,4635.727777777874,0.4200029969215393
2760,4639.045833333422,0.3890468180179596
2761,4634.675000000088,0.3176324963569641
2762,4615.2916666667525,0.2766684889793396
2763,4635.291666666749,0.28953495621681213
2764,4630.25277777786,0.3890491724014282
2765,4636.211111111204,0.33761659264564514
2766,4634.634722222304,0.34356459975242615
2767,4640.430555555665,0.3371320962905884
2768,4640.643055555654,0.3581979274749756
2769,4649.331944444541,0.33251506090164185
2770,4639.208333333432,0.4193868637084961
2771,4647.606944444551,0.4064558148384094
2772,4653.3638888890055,0.40289759635925293
2773,4650.39305555566,0.37518617510795593
2774,4643.7416666667805,0.3095659911632538
2775,4653.558333333444,0.3253702223300934
2776,4649.67222222233,0.2842942178249359
2777,4654.930555555671,0.3099973797798157
2778,4332.706666666767,0.23684418201446533
2779,4655.9263888889955,0.37259453535079956
2780,4651.622222222336,0.3345068395137787
2781,4662.748611111229,0.36192452907562256
2782,4654.9416666667785,0.39285367727279663
2783,4654.219444444543,0.3794567883014679
2784,4647.787500000097,0.29590076208114624
2785,4651.125000000118,0.2915259599685669
2786,4652.066666666781,0.3221625089645386
2787,4646.7750000001,0.324905127286911
2788,4648.512500000106,0.34680110216140747
2789,4647.420833333436,0.3594006896018982
2790,4651.244444444536,0.31969061493873596
2791,4652.619444444551,0.3332943022251129
2792,4646.875000000097,0.2810961902141571
2793,4644.145833333421,0.2988949418067932
2794,4650.01666666676,0.3390738070011139
2795,4648.956944444525,0.33657020330429077
2796,4645.016666666764,0.299885630607605
2797,2628.0322222222235,0.7245935201644897
2798,2611.9663888888895,0.7801988124847412
2799,4648.222222222323,0.3697359561920166
2800,4647.461111111219,0.32329654693603516
2801,4658.126388889001,0.3553500771522522
2802,4645.691666666765,0.33016476035118103
2803,4648.319444444548,0.31948691606521606
2804,4651.04722222232,0.2932053208351135
2805,4644.680555555668,0.35099363327026367
2806,4642.741666666766,0.38403791189193726
2807,4640.287500000091,0.3477690517902374
2808,4647.819444444544,0.34959298372268677
2809,4643.422222222312,0.31211039423942566
2810,4636.859722222319,0.32626160979270935
2811,4630.005555555645,0.3082347512245178
2812,4652.327777777885,0.3107844889163971
2813,4647.540277777883,0.293401300907135
2814,4653.356944444544,0.28433191776275635
2815,4633.097222222296,0.25287187099456787
2816,4631.798611111203,0.38075411319732666
2817,4645.2152777778665,0.43553346395492554
2818,4654.133333333434,0.35844260454177856
2819,4649.452777777873,0.32628026604652405
2820,4647.04444444456,0.2901090681552887
2821,4649.827777777873,0.26096510887145996
2822,4655.2166666667845,0.2774173617362976
2823,4651.075000000097,0.3121347725391388
2824,4645.050000000101,0.31558552384376526
2825,4653.89583333343,0.2975328266620636
2826,4651.079166666775,0.32947951555252075
2827,4639.877777777881,0.28381678462028503
2828,4654.463888888997,0.35536453127861023
2829,4653.690277777881,0.3322286605834961
2830,4645.868055555658,0.28424471616744995
2831,4653.584722222334,0.2599298059940338
2832,4646.058333333434,0.26132360100746155
2833,4651.377777777872,0.2739189863204956
2834,4649.181944444535,0.25574058294296265
2835,4642.141666666763,0.34480229020118713
2836,3240.066944444461,0.6896277666091919
2837,4652.718055555658,0.39135751128196716
2838,4635.137500000096,0.3932708203792572
2839,4645.687500000099,0.3821401000022888
2840,4638.14166666676,0.34990885853767395
2841,4624.991666666752,0.372789591550827
2842,4626.1166666667405,0.29419201612472534
2843,4633.165277777862,0.26057711243629456
2844,4617.700000000074,0.3258287012577057
2845,4638.563888888962,0.31015244126319885
2846,4622.077777777856,0.3173568546772003
2847,4615.29583333342,0.3755491077899933
2848,4600.606944444509,0.33905228972435
2849,4595.106944444522,0.3268211781978607
2850,4618.473611111169,0.38683202862739563
2851,4604.743055555622,0.38289082050323486
2852,4608.758333333391,0.3808976709842682
2853,4605.5375000000695,0.3772232234477997
2854,4592.087500000064,0.3561190962791443
2855,4587.229166666722,0.34323370456695557
2856,4619.652777777834,0.38372278213500977
2857,4619.850000000075,0.32002484798431396
2858,4610.605555555622,0.32072579860687256
2859,4606.216666666748,0.33423537015914917
2860,4615.130555555618,0.3890210688114166
2861,4613.901388888954,0.30564039945602417
2862,4609.498611111172,0.3077588379383087
2863,4605.9444444445135,0.32103535532951355
2864,4603.744444444505,0.3370974361896515
2865,4619.2291666667425,0.35775816440582275
2866,4619.701388888954,0.338205486536026
2867,4620.5736111111855,0.3483811020851135
2868,4614.091666666736,0.3245682120323181
2869,4607.9097222223045,0.3269190490245819
2870,4611.166666666737,0.32420578598976135
2871,4595.148611111177,0.33890172839164734
2872,4622.793055555632,0.3937263488769531
2873,4590.8180555556,0.34992435574531555
2874,4620.08472222229,0.367854505777359
2875,4594.337500000058,0.3667759299278259
2876,4600.726388888934,0.40051963925361633
2877,4619.505555555618,0.3911817669868469
2878,4607.127777777848,0.2864922881126404
2879,4619.840277777845,0.4033329486846924
2880,4623.726388888958,0.3318433463573456
2881,2655.7263888888874,0.7403546571731567
2882,4623.509722222294,0.28996068239212036
2883,4616.358333333402,0.2953490614891052
2884,3519.240833333363,0.6008070111274719
2885,3550.008888888916,0.6863057017326355
2886,3360.2486111111252,0.677014172077179
2887,4612.184722222298,0.4913386106491089
2888,4621.212500000057,0.43972763419151306
2889,3415.827500000025,0.6385443806648254
2890,4625.611111111192,0.3143956959247589
2891,4638.081944444529,0.39835125207901
2892,4629.38055555565,0.34730568528175354
2893,4645.315277777877,0.29785341024398804
2894,4630.694444444531,0.2837464213371277
2895,4629.356944444527,0.29285889863967896
2896,4623.169444444528,0.2916075885295868
2897,4607.87638888897,0.28934183716773987
2898,4617.202777777842,0.4167322814464569
2899,4604.604166666722,0.43708983063697815
2900,4612.127777777842,0.4202910363674164
2901,4608.251388888953,0.4222847521305084
2902,4608.597222222279,0.28883224725723267
2903,4559.430555555613,0.26140671968460083
2904,4595.481944444524,0.3162875175476074
2905,4600.950000000058,0.23850838840007782
2906,4601.4888888889545,0.30144134163856506
2907,4606.991666666703,0.28135672211647034
2908,4554.304166666718,0.37495070695877075
2909,4583.413888888933,0.37210923433303833
2910,4588.990277777835,0.39610835909843445
2911,4624.661111111189,0.4533827006816864
2912,4608.82916666673,0.3944855034351349
2913,4579.887500000048,0.3877815902233124
2914,4610.180555555619,0.32545194029808044
2915,4622.865277777837,0.3256373405456543
2916,4630.318055555635,0.3747214674949646
2917,4569.056944444505,0.31501874327659607
2918,4618.700000000072,0.27233606576919556
2919,4626.425000000093,0.30166247487068176
2920,4612.219444444508,0.3433179259300232
2921,4616.9111111111715,0.3599775731563568
2922,4607.512500000076,0.35995563864707947
2923,4620.0125000000735,0.3072458803653717
2924,4616.095833333385,0.33560478687286377
2925,4635.291666666736,0.40137195587158203
2926,4616.226388888947,0.27338191866874695
2927,4612.988888888965,0.2889857292175293
2928,4632.636111111193,0.2868254482746124
2929,4602.002777777838,0.270934522151947
2930,4619.720833333397,0.3080490529537201
2931,4624.122222222299,0.29374873638153076
2932,4623.602777777865,0.33434686064720154
2933,4623.695833333395,0.33125531673431396
2934,4611.1222222223005,0.32587918639183044
2935,4605.809722222286,0.33146899938583374
2936,4630.662500000077,0.321499228477478
2937,4612.5138888889505,0.26988300681114197
2938,4628.519444444529,0.2988228499889374
2939,4629.983333333406,0.38350406289100647
2940,4606.155555555615,0.3233028054237366
2941,4627.440277777849,0.3403758704662323
2942,4631.027777777843,0.3244515359401703
2943,4619.351388888963,0.3190476894378662
2944,4626.020833333408,0.2977711260318756
2945,4623.337500000052,0.27046453952789307
2946,4628.970833333417,0.3270665109157562
2947,4612.252777777835,0.28060176968574524
2948,4622.651388888962,0.32641106843948364
2949,4633.751388888959,0.36432215571403503
2950,4631.831944444535,0.3802182674407959
2951,4626.772222222302,0.31909266114234924
2952,4639.023611111197,0.2511948049068451
2953,4632.822222222318,0.28509819507598877
2954,4620.262500000066,0.26782143115997314
2955,2655.6516666666726,0.707387387752533
2956,4626.40277777786,0.35501888394355774
2957,4634.687500000095,0.3508480191230774
2958,4628.6402777778585,0.3788670003414154
2959,4629.018055555629,0.28848060965538025
2960,4630.579166666751,0.37576547265052795
2961,4633.701388888952,0.30502304434776306
2962,4618.618055555634,0.2504041790962219
2963,4617.988888888951,0.22063754498958588
2964,4630.444444444515,0.22325213253498077
2965,3605.68250000003,0.562110960483551
2966,4625.793055555637,0.40410852432250977
2967,4629.702777777845,0.3594774305820465
2968,4637.350000000089,0.37537330389022827
2969,4639.970833333401,0.35840216279029846
2970,4632.250000000095,0.24420757591724396
2971,4637.788888888978,0.24900883436203003
2972,4634.013888888964,0.2291525900363922
2973,4643.886111111203,0.2868262231349945
2974,4636.812500000097,0.3170275092124939
2975,4643.18333333343,0.33331987261772156
2976,4633.880555555646,0.35327640175819397
2977,4647.4430555556455,0.38288354873657227
2978,4643.0388888889875,0.34543415904045105
2979,4640.6472222222865,0.2699005603790283
2980,4627.205555555637,0.28500866889953613
2981,4646.13472222233,0.32318437099456787
2982,4634.391666666747,0.2905794382095337
2983,4638.906944444532,0.24126097559928894
2984,4636.74444444454,0.30623456835746765
2985,4626.601388888963,0.3184916377067566
2986,4639.795833333418,0.2796225845813751
2987,4625.123611111202,0.4029173254966736
2988,4630.929166666743,0.29595714807510376
2989,4643.338888888976,0.3855243921279907
2990,4640.833333333413,0.3202877342700958
2991,4629.515277777871,0.3009294867515564
2992,2686.0111111111255,0.669478714466095
2993,3604.782500000036,0.5634445548057556
2994,1904.9238888888792,0.9852859377861023
2995,3747.356666666701,0.5390397906303406
2996,2798.2586111111223,0.6514747142791748
2997,4622.41527777786,0.5463692545890808
2998,4622.420833333414,0.3668409585952759
2999,4636.416666666738,0.40143147110939026
3000,4626.156944444536,0.3760290741920471
